2021-12-28T13-50-20,04401,Walmart Pharmacy #1856,12/24/2021 12:00:00 AM,,,,
2021-12-28T15-07-00,04401,Walmart Pharmacy #1856,12/24/2021 12:00:00 AM,,,,
2021-12-29T09-02-14,04401,Walmart Pharmacy #1856,12/24/2021 12:00:00 AM,,,,
2021-12-30T09-20-52,04401,Walmart Pharmacy #1856,12/24/2021 12:00:00 AM,12/27/2021 12:00:00 AM,,,
2022-01-03T16-32-58,04401,Walmart Pharmacy #1856,12/24/2021 12:00:00 AM,12/29/2021 12:00:00 AM,40,,
2022-01-04T16-56-44,04401,Walmart Pharmacy #1856,12/24/2021 12:00:00 AM,12/29/2021 12:00:00 AM,40,,
2022-01-04T18-34-57,04401,Walmart Pharmacy #1856,12/24/2021 12:00:00 AM,12/29/2021 12:00:00 AM,40,,
2022-01-05T18-07-41,04401,Walmart Pharmacy #1856,12/24/2021 12:00:00 AM,12/29/2021 12:00:00 AM,40,,
2022-01-07T08-09-36,04401,Walmart Pharmacy #1856,12/24/2021 12:00:00 AM,,40,,
2022-01-10T10-10-35,04401,Walmart Pharmacy #1856,12/24/2021 12:00:00 AM,12/29/2021 12:00:00 AM,40,37,01/07/2022 12:00:00 AM
2022-01-11T08-35-31,04401,Walmart Pharmacy #1856,12/24/2021 12:00:00 AM,12/29/2021 12:00:00 AM,40,33,01/10/2022 12:00:00 AM
2022-01-12T08-07-48,04401,Walmart Pharmacy #1856,12/24/2021 12:00:00 AM,12/29/2021 12:00:00 AM,40,33,01/11/2022 12:00:00 AM
2022-01-13T10-07-11,04401,Walmart Pharmacy #1856,01/11/2022 12:00:00 AM,,80,33,01/11/2022 12:00:00 AM
2022-01-14T15-37-26,04401,Walmart Pharmacy #1856,01/11/2022 12:00:00 AM,12/29/2021 12:00:00 AM,80,23,01/14/2022 12:00:00 AM
2022-01-19T08-05-28,04401,Walmart Pharmacy #1856,01/11/2022 12:00:00 AM,12/29/2021 12:00:00 AM,80,12,01/18/2022 12:00:00 AM
2022-01-21T18-08-01,04401,Walmart Pharmacy #1856,01/11/2022 12:00:00 AM,01/13/2022 12:00:00 AM,80,7,01/19/2022 12:00:00 AM
2022-01-24T09-15-30,04401,Walmart Pharmacy #1856,01/11/2022 12:00:00 AM,12/29/2021 12:00:00 AM,80,3,01/20/2022 12:00:00 AM
2022-01-25T09-23-26,04401,PENOBSCOT COMMUNITY HLTH CENTER,01/18/2022 12:00:00 AM,,100,,
2022-01-25T09-23-26,04401,Walmart Pharmacy #1856,01/11/2022 12:00:00 AM,01/13/2022 12:00:00 AM,80,32,01/24/2022 12:00:00 AM
2022-01-26T07-35-52,04401,Walmart Pharmacy #1856,01/11/2022 12:00:00 AM,01/13/2022 12:00:00 AM,80,30,01/25/2022 12:00:00 AM
2022-01-26T07-35-52,04401,PENOBSCOT COMMUNITY HLTH CENTER,01/18/2022 12:00:00 AM,,100,,
2022-01-27T14-49-32,04401,PENOBSCOT COMMUNITY HLTH CENTER,01/18/2022 12:00:00 AM,01/26/2022 12:00:00 AM,200,,
2022-01-27T14-49-32,04401,Walmart Pharmacy #1856,01/11/2022 12:00:00 AM,01/13/2022 12:00:00 AM,80,27,01/26/2022 12:00:00 AM
2022-01-28T09-28-02,04401,Walmart Pharmacy #1856,01/11/2022 12:00:00 AM,01/13/2022 12:00:00 AM,80,27,01/26/2022 12:00:00 AM
2022-01-28T09-28-02,04401,PENOBSCOT COMMUNITY HLTH CENTER,01/18/2022 12:00:00 AM,01/26/2022 12:00:00 AM,200,,
2022-01-28T13-55-27,04401,Walmart Pharmacy #1856,01/11/2022 12:00:00 AM,01/13/2022 12:00:00 AM,80,27,01/26/2022 12:00:00 AM
2022-01-28T13-55-27,04401,PENOBSCOT COMMUNITY HLTH CENTER,01/18/2022 12:00:00 AM,01/26/2022 12:00:00 AM,200,,
2022-01-28T14-38-48,04401,Walmart Pharmacy #1856,01/11/2022 12:00:00 AM,01/13/2022 12:00:00 AM,80,27,01/26/2022 12:00:00 AM
2022-01-28T14-38-48,04401,PENOBSCOT COMMUNITY HLTH CENTER,01/18/2022 12:00:00 AM,01/26/2022 12:00:00 AM,200,,
2022-01-28T15-43-02,04401,Walmart Pharmacy #1856,01/11/2022 12:00:00 AM,01/13/2022 12:00:00 AM,80,27,01/26/2022 12:00:00 AM
2022-01-28T15-43-02,04401,PENOBSCOT COMMUNITY HLTH CENTER,01/18/2022 12:00:00 AM,01/26/2022 12:00:00 AM,200,,
2022-01-28T17-11-19,04401,Walmart Pharmacy #1856,01/11/2022 12:00:00 AM,01/13/2022 12:00:00 AM,80,27,01/26/2022 12:00:00 AM
2022-01-28T17-11-19,04401,PENOBSCOT COMMUNITY HLTH CENTER,01/18/2022 12:00:00 AM,01/26/2022 12:00:00 AM,200,,
2022-02-01T09-23-15,04401,PENOBSCOT COMMUNITY HLTH CENTER,01/18/2022 12:00:00 AM,01/26/2022 12:00:00 AM,200,,
2022-02-01T09-23-15,04401,Walmart Pharmacy #1856,01/11/2022 12:00:00 AM,01/13/2022 12:00:00 AM,80,0,01/31/2022 12:00:00 AM
2022-02-02T09-09-05,04401,ST JOSEPH HOSPITAL,01/28/2022 12:00:00 AM,,60,,
2022-02-02T09-09-05,04401,PENOBSCOT COMMUNITY HLTH CENTER,01/18/2022 12:00:00 AM,01/26/2022 12:00:00 AM,100,,
2022-02-04T09-14-55,04401,PENOBSCOT COMMUNITY HLTH CENTER,01/18/2022 12:00:00 AM,01/26/2022 12:00:00 AM,100,,
2022-02-04T09-14-55,04401,ST JOSEPH HOSPITAL,01/28/2022 12:00:00 AM,,60,60,02/03/2022 12:00:00 AM
2022-02-07T09-54-34,04401,PENOBSCOT COMMUNITY HLTH CENTER,01/18/2022 12:00:00 AM,01/26/2022 12:00:00 AM,100,,
2022-02-07T09-54-34,04401,ST JOSEPH HOSPITAL,01/28/2022 12:00:00 AM,,60,60,02/03/2022 12:00:00 AM
2022-02-09T09-41-46,04401,ST JOSEPH HOSPITAL,01/28/2022 12:00:00 AM,02/03/2022 12:00:00 AM,60,60,02/07/2022 12:00:00 AM
2022-02-09T09-41-46,04401,PENOBSCOT COMMUNITY HLTH CENTER,01/18/2022 12:00:00 AM,01/26/2022 12:00:00 AM,100,100,02/07/2022 12:00:00 AM
2022-02-10T21-04-53,04401,NL EASTERN MAINE MEDICAL CENTER,02/02/2022 12:00:00 AM,02/05/2022 12:00:00 AM,100,1930,02/09/2022 12:00:00 AM
2022-02-10T21-04-53,04401,PENOBSCOT COMMUNITY HLTH CENTER,02/07/2022 12:00:00 AM,01/26/2022 12:00:00 AM,100,100,02/07/2022 12:00:00 AM
2022-02-10T21-04-53,04401,ST JOSEPH HOSPITAL,01/28/2022 12:00:00 AM,02/03/2022 12:00:00 AM,60,53,02/10/2022 12:00:00 AM
2022-02-14T09-23-55,04401,ST JOSEPH HOSPITAL,02/11/2022 12:00:00 AM,02/03/2022 12:00:00 AM,60,52,02/11/2022 12:00:00 AM
2022-02-14T09-23-55,04401,PENOBSCOT COMMUNITY HLTH CENTER,02/07/2022 12:00:00 AM,01/26/2022 12:00:00 AM,100,100,02/07/2022 12:00:00 AM
2022-02-14T09-23-55,04401,NL EASTERN MAINE MEDICAL CENTER,02/02/2022 12:00:00 AM,02/05/2022 12:00:00 AM,100,,02/11/2022 12:00:00 AM
2022-02-15T10-17-36,04401,ST JOSEPH HOSPITAL,02/11/2022 12:00:00 AM,02/03/2022 12:00:00 AM,60,52,02/11/2022 12:00:00 AM
2022-02-15T10-17-36,04401,PENOBSCOT COMMUNITY HLTH CENTER,02/07/2022 12:00:00 AM,01/26/2022 12:00:00 AM,100,100,02/07/2022 12:00:00 AM
2022-02-15T10-17-36,04401,NL EASTERN MAINE MEDICAL CENTER,02/02/2022 12:00:00 AM,02/05/2022 12:00:00 AM,100,,02/11/2022 12:00:00 AM
2022-02-16T08-11-48,04401,PENOBSCOT COMMUNITY HLTH CENTER,02/07/2022 12:00:00 AM,01/26/2022 12:00:00 AM,100,100,02/07/2022 12:00:00 AM
2022-02-16T08-11-48,04401,ST JOSEPH HOSPITAL,02/11/2022 12:00:00 AM,02/03/2022 12:00:00 AM,60,52,02/11/2022 12:00:00 AM
2022-02-16T08-11-48,04401,NL EASTERN MAINE MEDICAL CENTER,02/02/2022 12:00:00 AM,02/05/2022 12:00:00 AM,100,,02/11/2022 12:00:00 AM
2022-02-16T08-23-53,04401,ST JOSEPH HOSPITAL,02/11/2022 12:00:00 AM,02/03/2022 12:00:00 AM,60,49,02/15/2022 12:00:00 AM
2022-02-16T08-23-53,04401,NL EASTERN MAINE MEDICAL CENTER,02/02/2022 12:00:00 AM,02/05/2022 12:00:00 AM,100,2670,02/14/2022 12:00:00 AM
2022-02-16T08-23-53,04401,PENOBSCOT COMMUNITY HLTH CENTER,02/07/2022 12:00:00 AM,01/26/2022 12:00:00 AM,100,100,02/07/2022 12:00:00 AM
2022-02-16T18-37-01,04401,PENOBSCOT COMMUNITY HLTH CENTER,01/18/2022 12:00:00 AM,01/26/2022 12:00:00 AM,100,100,02/07/2022 12:00:00 AM
2022-02-16T18-37-01,04401,ST JOSEPH HOSPITAL,01/28/2022 12:00:00 AM,02/03/2022 12:00:00 AM,60,48,02/16/2022 12:00:00 AM
2022-02-16T18-37-01,04401,NL EASTERN MAINE MEDICAL CENTER,02/02/2022 12:00:00 AM,02/05/2022 12:00:00 AM,100,2820,02/15/2022 12:00:00 AM
2022-02-18T15-54-16,04401,ST JOSEPH HOSPITAL,01/28/2022 12:00:00 AM,02/03/2022 12:00:00 AM,60,48,02/16/2022 12:00:00 AM
2022-02-18T15-54-16,04401,PENOBSCOT COMMUNITY HLTH CENTER,01/18/2022 12:00:00 AM,01/26/2022 12:00:00 AM,100,99,02/17/2022 12:00:00 AM
2022-02-18T15-54-16,04401,NL EASTERN MAINE MEDICAL CENTER,02/02/2022 12:00:00 AM,02/05/2022 12:00:00 AM,100,2820,02/15/2022 12:00:00 AM
2022-02-18T16-04-21,04401,NL EASTERN MAINE MEDICAL CENTER,02/02/2022 12:00:00 AM,02/05/2022 12:00:00 AM,100,90,02/18/2022 12:00:00 AM
2022-02-18T16-04-21,04401,Walmart Pharmacy #1856,02/12/2022 12:00:00 AM,02/15/2022 12:00:00 AM,100,0,01/31/2022 12:00:00 AM
2022-02-18T16-04-21,04401,ST JOSEPH HOSPITAL,01/28/2022 12:00:00 AM,02/03/2022 12:00:00 AM,60,48,02/18/2022 12:00:00 AM
2022-02-18T16-04-21,04401,PENOBSCOT COMMUNITY HLTH CENTER,01/18/2022 12:00:00 AM,01/26/2022 12:00:00 AM,100,99,02/17/2022 12:00:00 AM
2022-02-22T09-09-37,04401,Walmart Pharmacy #1856,02/12/2022 12:00:00 AM,02/15/2022 12:00:00 AM,100,19,02/21/2022 12:00:00 AM
2022-02-22T09-09-37,04401,ST JOSEPH HOSPITAL,01/28/2022 12:00:00 AM,02/03/2022 12:00:00 AM,60,48,02/21/2022 12:00:00 AM
2022-02-22T09-09-37,04401,NL EASTERN MAINE MEDICAL CENTER,02/02/2022 12:00:00 AM,02/05/2022 12:00:00 AM,100,88,02/21/2022 12:00:00 AM
2022-02-22T09-09-37,04401,PENOBSCOT COMMUNITY HLTH CENTER,01/18/2022 12:00:00 AM,01/26/2022 12:00:00 AM,100,99,02/17/2022 12:00:00 AM
2022-02-24T09-51-18,04401,Walmart Pharmacy #1856,02/12/2022 12:00:00 AM,02/15/2022 12:00:00 AM,100,19,02/21/2022 12:00:00 AM
2022-02-24T09-51-18,04401,NL EASTERN MAINE MEDICAL CENTER,02/02/2022 12:00:00 AM,02/05/2022 12:00:00 AM,100,86,02/22/2022 12:00:00 AM
2022-02-24T09-51-18,04401,ST JOSEPH HOSPITAL,01/28/2022 12:00:00 AM,02/03/2022 12:00:00 AM,60,48,02/22/2022 12:00:00 AM
2022-02-24T09-51-18,04401,PENOBSCOT COMMUNITY HLTH CENTER,01/18/2022 12:00:00 AM,01/26/2022 12:00:00 AM,100,99,02/17/2022 12:00:00 AM
2022-03-03T09-56-49,04401,ST JOSEPH HOSPITAL,01/28/2022 12:00:00 AM,02/03/2022 12:00:00 AM,60,48,02/28/2022 12:00:00 AM
2022-03-03T09-56-49,04401,PENOBSCOT COMMUNITY HLTH CENTER,02/07/2022 12:00:00 AM,02/26/2022 12:00:00 AM,200,99,02/17/2022 12:00:00 AM
2022-03-03T09-56-49,04401,NL EASTERN MAINE MEDICAL CENTER,02/25/2022 12:00:00 AM,02/05/2022 12:00:00 AM,200,81,02/28/2022 12:00:00 AM
2022-03-03T09-56-49,04401,Walmart Pharmacy #1856,02/12/2022 12:00:00 AM,02/15/2022 12:00:00 AM,100,19,02/28/2022 12:00:00 AM
2022-03-03T10-04-44,04401,Walmart Pharmacy #1856,02/12/2022 12:00:00 AM,02/15/2022 12:00:00 AM,100,19,03/02/2022 12:00:00 AM
2022-03-03T10-04-44,04401,ST JOSEPH HOSPITAL,01/28/2022 12:00:00 AM,02/03/2022 12:00:00 AM,60,48,03/02/2022 12:00:00 AM
2022-03-03T10-04-44,04401,PENOBSCOT COMMUNITY HLTH CENTER,02/07/2022 12:00:00 AM,02/26/2022 12:00:00 AM,200,94,03/01/2022 12:00:00 AM
2022-03-03T10-04-44,04401,NL EASTERN MAINE MEDICAL CENTER,02/25/2022 12:00:00 AM,02/28/2022 12:00:00 AM,200,81,02/28/2022 12:00:00 AM
2022-03-08T14-40-56,04401,PENOBSCOT COMMUNITY HLTH CENTER,02/07/2022 12:00:00 AM,02/26/2022 12:00:00 AM,200,94,03/01/2022 12:00:00 AM
2022-03-08T14-40-56,04401,Walmart Pharmacy #1856,02/12/2022 12:00:00 AM,02/15/2022 12:00:00 AM,100,17,03/08/2022 12:00:00 AM
2022-03-08T14-40-56,04401,ST JOSEPH HOSPITAL,01/28/2022 12:00:00 AM,02/03/2022 12:00:00 AM,60,47,03/07/2022 12:00:00 AM
2022-03-08T14-40-56,04401,NL EASTERN MAINE MEDICAL CENTER,02/25/2022 12:00:00 AM,02/28/2022 12:00:00 AM,200,172,03/07/2022 12:00:00 AM
