2022-03-03T09-56-49,92243,All Valley Urgent Care El Centro,02/26/2022 12:00:00 AM,02/23/2022 12:00:00 AM,36,,
2022-03-03T09-56-49,92243,EL CENTRO REGIONAL MEDICAL CENTER,02/18/2022 12:00:00 AM,02/22/2022 12:00:00 AM,18,,
2022-03-03T10-04-44,92243,EL CENTRO REGIONAL MEDICAL CENTER,02/18/2022 12:00:00 AM,02/22/2022 12:00:00 AM,18,,
2022-03-03T10-04-44,92243,All Valley Urgent Care El Centro,02/26/2022 12:00:00 AM,03/01/2022 12:00:00 AM,36,,
2022-03-08T14-40-56,92243,EL CENTRO REGIONAL MEDICAL CENTER,02/18/2022 12:00:00 AM,02/22/2022 12:00:00 AM,18,,
2022-03-08T14-40-56,92243,TIEN VO MD,03/04/2022 12:00:00 AM,,18,,
2022-03-08T14-40-56,92243,All Valley Urgent Care El Centro,02/26/2022 12:00:00 AM,03/01/2022 12:00:00 AM,36,,
