2022-02-18T16-04-21,21046,Pharmerica Columbia 7134,02/17/2022 12:00:00 AM,,24,,
2022-02-22T09-09-37,21046,Pharmerica Columbia 7134,02/17/2022 12:00:00 AM,,24,,
2022-02-24T09-51-18,21046,Pharmerica Columbia 7134,02/17/2022 12:00:00 AM,,24,,
2022-03-03T09-56-49,21046,Pharmerica Columbia 7134,02/17/2022 12:00:00 AM,02/22/2022 12:00:00 AM,24,24,02/23/2022 12:00:00 AM
2022-03-03T10-04-44,21046,Pharmerica Columbia 7134,02/17/2022 12:00:00 AM,02/22/2022 12:00:00 AM,24,24,02/23/2022 12:00:00 AM
2022-03-08T14-40-56,21046,Pharmerica Columbia 7134,02/17/2022 12:00:00 AM,02/22/2022 12:00:00 AM,24,24,03/07/2022 12:00:00 AM
