2022-02-18T16-04-21,22974,FLUVANNA CORRECTIONAL CNTR,02/08/2022 12:00:00 AM,02/10/2022 12:00:00 AM,72,0,02/08/2022 12:00:00 AM
2022-03-03T09-56-49,22974,FLUVANNA CORRECTIONAL CNTR,02/08/2022 12:00:00 AM,02/10/2022 12:00:00 AM,72,72,02/23/2022 12:00:00 AM
2022-03-03T10-04-44,22974,FLUVANNA CORRECTIONAL CNTR,02/08/2022 12:00:00 AM,02/10/2022 12:00:00 AM,72,72,02/23/2022 12:00:00 AM
2022-03-08T14-40-56,22974,FLUVANNA CORRECTIONAL CNTR,02/08/2022 12:00:00 AM,02/10/2022 12:00:00 AM,72,72,02/23/2022 12:00:00 AM
