2022-02-07T09-54-34,76107,JPS HOSPITAL CENTRAL FILL PHARMACY,01/23/2022 12:00:00 AM,01/26/2022 12:00:00 AM,168,193,02/02/2022 12:00:00 AM
2022-02-09T09-41-46,76107,JPS HOSPITAL CENTRAL FILL PHARMACY,01/23/2022 12:00:00 AM,01/26/2022 12:00:00 AM,168,193,02/07/2022 12:00:00 AM
2022-02-10T21-04-53,76107,JPS HOSPITAL CENTRAL FILL PHARMACY,02/09/2022 12:00:00 AM,01/26/2022 12:00:00 AM,168,193,02/09/2022 12:00:00 AM
2022-02-14T09-23-55,76107,JPS HOSPITAL CENTRAL FILL PHARMACY,02/09/2022 12:00:00 AM,01/26/2022 12:00:00 AM,168,193,02/11/2022 12:00:00 AM
2022-02-15T10-17-36,76107,JPS HOSPITAL CENTRAL FILL PHARMACY,02/09/2022 12:00:00 AM,01/26/2022 12:00:00 AM,168,193,02/11/2022 12:00:00 AM
2022-02-16T08-11-48,76107,JPS HOSPITAL CENTRAL FILL PHARMACY,02/09/2022 12:00:00 AM,01/26/2022 12:00:00 AM,168,193,02/11/2022 12:00:00 AM
2022-02-16T08-23-53,76107,JPS HOSPITAL CENTRAL FILL PHARMACY,02/09/2022 12:00:00 AM,01/26/2022 12:00:00 AM,168,193,02/14/2022 12:00:00 AM
2022-02-16T18-37-01,76107,JPS HOSPITAL CENTRAL FILL PHARMACY,01/23/2022 12:00:00 AM,01/26/2022 12:00:00 AM,168,193,02/15/2022 12:00:00 AM
2022-02-18T15-54-16,76107,JPS HOSPITAL CENTRAL FILL PHARMACY,01/23/2022 12:00:00 AM,01/26/2022 12:00:00 AM,168,193,02/15/2022 12:00:00 AM
2022-02-18T16-04-21,76107,JPS HOSPITAL CENTRAL FILL PHARMACY,01/23/2022 12:00:00 AM,01/26/2022 12:00:00 AM,168,193,02/18/2022 12:00:00 AM
2022-02-22T09-09-37,76107,JPS HOSPITAL CENTRAL FILL PHARMACY,01/23/2022 12:00:00 AM,01/26/2022 12:00:00 AM,168,193,02/18/2022 12:00:00 AM
2022-02-24T09-51-18,76107,JPS HOSPITAL CENTRAL FILL PHARMACY,01/23/2022 12:00:00 AM,01/26/2022 12:00:00 AM,168,193,02/21/2022 12:00:00 AM
2022-03-03T09-56-49,76107,JPS HOSPITAL CENTRAL FILL PHARMACY,01/23/2022 12:00:00 AM,01/26/2022 12:00:00 AM,168,193,02/28/2022 12:00:00 AM
2022-03-03T10-04-44,76107,JPS HOSPITAL CENTRAL FILL PHARMACY,01/23/2022 12:00:00 AM,01/26/2022 12:00:00 AM,168,193,03/02/2022 12:00:00 AM
2022-03-08T14-40-56,76107,JPS HOSPITAL CENTRAL FILL PHARMACY,01/23/2022 12:00:00 AM,01/26/2022 12:00:00 AM,168,193,03/07/2022 12:00:00 AM
