2021-12-28T13-50-20,86503,Chinle Comprehensive Healthcare,12/20/2021 12:00:00 AM,,,,
2021-12-28T15-07-00,86503,Chinle Comprehensive Healthcare,12/20/2021 12:00:00 AM,,,,
2021-12-29T09-02-14,86503,Chinle Comprehensive Healthcare,12/20/2021 12:00:00 AM,,,,
2021-12-30T09-20-52,86503,Chinle Comprehensive Healthcare,12/20/2021 12:00:00 AM,12/23/2021 12:00:00 AM,,,
2022-01-03T16-32-58,86503,Chinle Comprehensive Healthcare,12/30/2021 12:00:00 AM,,48,,
2022-01-03T16-32-58,86503,Chinle Comprehensive Healthcare,12/30/2021 12:00:00 AM,12/28/2021 12:00:00 AM,48,,
2022-01-04T16-56-44,86503,Chinle Comprehensive Healthcare,12/30/2021 12:00:00 AM,,48,,
2022-01-04T16-56-44,86503,Chinle Comprehensive Healthcare,12/30/2021 12:00:00 AM,12/28/2021 12:00:00 AM,48,,
2022-01-04T18-34-57,86503,Chinle Comprehensive Healthcare,12/30/2021 12:00:00 AM,,48,,
2022-01-04T18-34-57,86503,Chinle Comprehensive Healthcare,12/30/2021 12:00:00 AM,12/28/2021 12:00:00 AM,48,,
2022-01-05T18-07-41,86503,Chinle Comprehensive Healthcare,12/30/2021 12:00:00 AM,12/28/2021 12:00:00 AM,48,24,01/04/2022 12:00:00 AM
2022-01-05T18-07-41,86503,Chinle Comprehensive Healthcare,12/30/2021 12:00:00 AM,,48,24,01/04/2022 12:00:00 AM
2022-01-07T08-09-36,86503,Chinle Comprehensive Healthcare,12/30/2021 12:00:00 AM,,48,24,01/06/2022 12:00:00 AM
2022-01-10T10-10-35,86503,Chinle Comprehensive Healthcare,12/30/2021 12:00:00 AM,12/28/2021 12:00:00 AM,48,24,01/06/2022 12:00:00 AM
2022-02-07T09-54-34,86503,Chinle Comprehensive Healthcare,12/30/2021 12:00:00 AM,01/07/2022 12:00:00 AM,48,48,02/04/2022 12:00:00 AM
2022-02-09T09-41-46,86503,Chinle Comprehensive Healthcare,12/30/2021 12:00:00 AM,01/07/2022 12:00:00 AM,48,48,02/04/2022 12:00:00 AM
2022-02-10T21-04-53,86503,Chinle Comprehensive Healthcare,01/27/2022 12:00:00 AM,01/07/2022 12:00:00 AM,48,48,02/04/2022 12:00:00 AM
2022-02-14T09-23-55,86503,Chinle Comprehensive Healthcare,01/27/2022 12:00:00 AM,01/07/2022 12:00:00 AM,48,48,02/04/2022 12:00:00 AM
2022-02-15T10-17-36,86503,Chinle Comprehensive Healthcare,01/27/2022 12:00:00 AM,01/07/2022 12:00:00 AM,48,48,02/04/2022 12:00:00 AM
2022-02-16T08-11-48,86503,Chinle Comprehensive Healthcare,01/27/2022 12:00:00 AM,01/07/2022 12:00:00 AM,48,46,02/11/2022 12:00:00 AM
2022-02-16T08-23-53,86503,Chinle Comprehensive Healthcare,01/27/2022 12:00:00 AM,01/07/2022 12:00:00 AM,48,46,02/11/2022 12:00:00 AM
2022-02-16T18-37-01,86503,Chinle Comprehensive Healthcare,12/30/2021 12:00:00 AM,01/07/2022 12:00:00 AM,48,46,02/11/2022 12:00:00 AM
2022-02-18T15-54-16,86503,Chinle Comprehensive Healthcare,12/30/2021 12:00:00 AM,01/07/2022 12:00:00 AM,48,44,02/17/2022 12:00:00 AM
2022-02-18T16-04-21,86503,Chinle Comprehensive Healthcare,12/30/2021 12:00:00 AM,01/07/2022 12:00:00 AM,48,44,02/17/2022 12:00:00 AM
2022-02-22T09-09-37,86503,Chinle Comprehensive Healthcare,12/30/2021 12:00:00 AM,01/07/2022 12:00:00 AM,48,44,02/17/2022 12:00:00 AM
2022-02-24T09-51-18,86503,Chinle Comprehensive Healthcare,12/30/2021 12:00:00 AM,01/07/2022 12:00:00 AM,48,44,02/17/2022 12:00:00 AM
2022-03-03T09-56-49,86503,Chinle Comprehensive Healthcare,12/30/2021 12:00:00 AM,01/07/2022 12:00:00 AM,48,41,02/25/2022 12:00:00 AM
2022-03-03T10-04-44,86503,Chinle Comprehensive Healthcare,12/30/2021 12:00:00 AM,01/07/2022 12:00:00 AM,48,41,03/02/2022 12:00:00 AM
2022-03-08T14-40-56,86503,Chinle Comprehensive Healthcare,12/30/2021 12:00:00 AM,01/07/2022 12:00:00 AM,48,37,03/04/2022 12:00:00 AM
