2022-02-22T09-09-37,94040,PAMF/Sutter Health: Mountain View,02/19/2022 12:00:00 AM,,48,,
2022-02-24T09-51-18,94040,PAMF/Sutter Health: Mountain View,02/19/2022 12:00:00 AM,,48,,
2022-03-03T09-56-49,94040,PAMF/Sutter Health: Mountain View,02/19/2022 12:00:00 AM,02/23/2022 12:00:00 AM,48,48,02/28/2022 12:00:00 AM
2022-03-03T10-04-44,94040,PAMF/Sutter Health: Mountain View,02/19/2022 12:00:00 AM,02/23/2022 12:00:00 AM,48,48,02/28/2022 12:00:00 AM
2022-03-08T14-40-56,94040,PAMF/Sutter Health: Mountain View,02/19/2022 12:00:00 AM,02/23/2022 12:00:00 AM,48,48,03/07/2022 12:00:00 AM
