2022-03-03T09-56-49,16301,Primary Health Netowork Oil City He,02/25/2022 12:00:00 AM,,20,,
2022-03-03T09-56-49,16301,CVS Store #05096,02/25/2022 12:00:00 AM,,20,,
2022-03-03T10-04-44,16301,CVS Store #05096,02/25/2022 12:00:00 AM,,20,,
2022-03-03T10-04-44,16301,Primary Health Netowork Oil City He,02/25/2022 12:00:00 AM,03/01/2022 12:00:00 AM,20,,
2022-03-08T14-40-56,16301,Primary Health Netowork Oil City He,02/25/2022 12:00:00 AM,03/01/2022 12:00:00 AM,20,,
2022-03-08T14-40-56,16301,CVS Store #05096,02/25/2022 12:00:00 AM,,20,20,03/08/2022 12:00:00 AM
