2022-01-11T08-35-31,32512,NH Pensacola FL,01/06/2022 12:00:00 AM,,20,,
2022-01-12T08-07-48,32512,NH Pensacola FL,01/06/2022 12:00:00 AM,,20,,
2022-01-13T10-07-11,32512,NH Pensacola FL,01/06/2022 12:00:00 AM,01/11/2022 12:00:00 AM,20,,
2022-01-14T15-37-26,32512,NH Pensacola FL,01/06/2022 12:00:00 AM,01/11/2022 12:00:00 AM,20,,
2022-01-19T08-05-28,32512,NH Pensacola FL,01/06/2022 12:00:00 AM,01/11/2022 12:00:00 AM,20,,
2022-01-21T18-08-01,32512,NH Pensacola FL,01/06/2022 12:00:00 AM,01/11/2022 12:00:00 AM,20,,
2022-01-24T09-15-30,32512,NH Pensacola FL,01/06/2022 12:00:00 AM,01/11/2022 12:00:00 AM,20,,
2022-01-25T09-23-26,32512,NH Pensacola FL,01/06/2022 12:00:00 AM,01/11/2022 12:00:00 AM,20,,
2022-01-26T07-35-52,32512,NH Pensacola FL,01/06/2022 12:00:00 AM,01/11/2022 12:00:00 AM,20,,
2022-01-27T14-49-32,32512,NH Pensacola FL,01/06/2022 12:00:00 AM,01/11/2022 12:00:00 AM,20,,
2022-01-28T09-28-02,32512,NH Pensacola FL,01/06/2022 12:00:00 AM,01/11/2022 12:00:00 AM,20,,
2022-01-28T13-55-27,32512,NH Pensacola FL,01/06/2022 12:00:00 AM,01/11/2022 12:00:00 AM,20,,
2022-01-28T14-38-48,32512,NH Pensacola FL,01/06/2022 12:00:00 AM,01/11/2022 12:00:00 AM,20,,
2022-01-28T15-43-02,32512,NH Pensacola FL,01/06/2022 12:00:00 AM,01/11/2022 12:00:00 AM,20,,
2022-01-28T17-11-19,32512,NH Pensacola FL,01/06/2022 12:00:00 AM,01/11/2022 12:00:00 AM,20,,
2022-02-01T09-23-15,32512,NH Pensacola FL,01/06/2022 12:00:00 AM,01/11/2022 12:00:00 AM,20,,
2022-02-02T09-09-05,32512,NH Pensacola FL,01/06/2022 12:00:00 AM,01/11/2022 12:00:00 AM,20,,
2022-02-04T09-14-55,32512,NH Pensacola FL,01/06/2022 12:00:00 AM,01/11/2022 12:00:00 AM,20,,
2022-02-07T09-54-34,32512,NH Pensacola FL,01/06/2022 12:00:00 AM,01/11/2022 12:00:00 AM,20,,
2022-02-09T09-41-46,32512,NH Pensacola FL,01/06/2022 12:00:00 AM,01/11/2022 12:00:00 AM,20,,
2022-02-16T18-37-01,32512,NH Pensacola FL,01/06/2022 12:00:00 AM,01/11/2022 12:00:00 AM,20,,
2022-02-18T15-54-16,32512,NH Pensacola FL,01/06/2022 12:00:00 AM,01/11/2022 12:00:00 AM,20,,
2022-02-18T16-04-21,32512,NH Pensacola FL,01/06/2022 12:00:00 AM,01/11/2022 12:00:00 AM,20,,
2022-02-22T09-09-37,32512,NH Pensacola FL,01/06/2022 12:00:00 AM,01/11/2022 12:00:00 AM,20,,
2022-02-24T09-51-18,32512,NH Pensacola FL,01/06/2022 12:00:00 AM,01/11/2022 12:00:00 AM,20,,
2022-03-03T09-56-49,32512,NH Pensacola FL,02/24/2022 12:00:00 AM,01/11/2022 12:00:00 AM,60,,
2022-03-03T10-04-44,32512,NH Pensacola FL,02/24/2022 12:00:00 AM,02/28/2022 12:00:00 AM,60,,
2022-03-08T14-40-56,32512,NH Pensacola FL,02/24/2022 12:00:00 AM,02/28/2022 12:00:00 AM,60,,
