2022-01-14T15-37-26,49444,HACKLEY COMMUNITY CARE CENTER,01/11/2022 12:00:00 AM,,20,,
2022-01-19T08-05-28,49444,HACKLEY COMMUNITY CARE CENTER,01/11/2022 12:00:00 AM,01/17/2022 12:00:00 AM,20,,
2022-01-21T18-08-01,49444,HACKLEY COMMUNITY CARE CENTER,01/11/2022 12:00:00 AM,01/17/2022 12:00:00 AM,20,19,01/20/2022 12:00:00 AM
2022-01-24T09-15-30,49444,HACKLEY COMMUNITY CARE CENTER,01/11/2022 12:00:00 AM,01/17/2022 12:00:00 AM,20,19,01/20/2022 12:00:00 AM
2022-01-25T09-23-26,49444,HACKLEY COMMUNITY CARE CENTER,01/11/2022 12:00:00 AM,01/17/2022 12:00:00 AM,40,14,01/24/2022 12:00:00 AM
2022-01-26T07-35-52,49444,HACKLEY COMMUNITY CARE CENTER,01/11/2022 12:00:00 AM,01/17/2022 12:00:00 AM,40,14,01/24/2022 12:00:00 AM
2022-01-27T14-49-32,49444,HACKLEY COMMUNITY CARE CENTER,01/11/2022 12:00:00 AM,01/17/2022 12:00:00 AM,40,14,01/25/2022 12:00:00 AM
2022-01-28T09-28-02,49444,HACKLEY COMMUNITY CARE CENTER,01/25/2022 12:00:00 AM,01/17/2022 12:00:00 AM,60,14,01/25/2022 12:00:00 AM
2022-01-28T13-55-27,49444,HACKLEY COMMUNITY CARE CENTER,01/25/2022 12:00:00 AM,01/17/2022 12:00:00 AM,60,14,01/25/2022 12:00:00 AM
2022-01-28T14-38-48,49444,HACKLEY COMMUNITY CARE CENTER,01/25/2022 12:00:00 AM,01/17/2022 12:00:00 AM,60,14,01/25/2022 12:00:00 AM
2022-01-28T15-43-02,49444,HACKLEY COMMUNITY CARE CENTER,01/25/2022 12:00:00 AM,01/17/2022 12:00:00 AM,60,14,01/25/2022 12:00:00 AM
2022-01-28T17-11-19,49444,HACKLEY COMMUNITY CARE CENTER,01/25/2022 12:00:00 AM,01/17/2022 12:00:00 AM,60,14,01/25/2022 12:00:00 AM
2022-02-01T09-23-15,49444,HACKLEY COMMUNITY CARE CENTER,01/25/2022 12:00:00 AM,01/28/2022 12:00:00 AM,80,14,01/25/2022 12:00:00 AM
2022-02-02T09-09-05,49444,HACKLEY COMMUNITY CARE CENTER,01/25/2022 12:00:00 AM,01/28/2022 12:00:00 AM,40,32,02/01/2022 12:00:00 AM
2022-02-04T09-14-55,49444,HACKLEY COMMUNITY CARE CENTER,01/25/2022 12:00:00 AM,01/28/2022 12:00:00 AM,40,32,02/01/2022 12:00:00 AM
2022-02-07T09-54-34,49444,HACKLEY COMMUNITY CARE CENTER,02/01/2022 12:00:00 AM,01/28/2022 12:00:00 AM,60,32,02/01/2022 12:00:00 AM
2022-02-09T09-41-46,49444,HACKLEY COMMUNITY CARE CENTER,02/01/2022 12:00:00 AM,01/28/2022 12:00:00 AM,60,32,02/01/2022 12:00:00 AM
2022-02-10T21-04-53,49444,Meijer Store 232,12/30/2021 12:00:00 AM,,0,20,02/10/2022 12:00:00 AM
2022-02-10T21-04-53,49444,HACKLEY COMMUNITY CARE CENTER,02/09/2022 12:00:00 AM,02/08/2022 12:00:00 AM,60,39,02/09/2022 12:00:00 AM
2022-02-14T09-23-55,49444,Meijer Store 232,12/30/2021 12:00:00 AM,,0,20,02/11/2022 12:00:00 AM
2022-02-14T09-23-55,49444,HACKLEY COMMUNITY CARE CENTER,02/09/2022 12:00:00 AM,02/08/2022 12:00:00 AM,60,39,02/09/2022 12:00:00 AM
2022-02-15T10-17-36,49444,Meijer Store 232,12/30/2021 12:00:00 AM,,0,20,02/11/2022 12:00:00 AM
2022-02-15T10-17-36,49444,HACKLEY COMMUNITY CARE CENTER,02/09/2022 12:00:00 AM,02/08/2022 12:00:00 AM,60,39,02/09/2022 12:00:00 AM
2022-02-16T08-11-48,49444,HACKLEY COMMUNITY CARE CENTER,02/09/2022 12:00:00 AM,02/08/2022 12:00:00 AM,60,39,02/09/2022 12:00:00 AM
2022-02-16T08-11-48,49444,Meijer Store 232,12/30/2021 12:00:00 AM,,0,19,02/14/2022 12:00:00 AM
2022-02-16T08-23-53,49444,HACKLEY COMMUNITY CARE CENTER,02/09/2022 12:00:00 AM,02/08/2022 12:00:00 AM,60,39,02/09/2022 12:00:00 AM
2022-02-16T08-23-53,49444,Meijer Store 232,12/30/2021 12:00:00 AM,,0,19,02/15/2022 12:00:00 AM
2022-02-16T18-37-01,49444,Muskegon Family Care,02/09/2022 12:00:00 AM,02/15/2022 12:00:00 AM,20,,
2022-02-16T18-37-01,49444,HACKLEY COMMUNITY CARE CENTER,02/01/2022 12:00:00 AM,02/08/2022 12:00:00 AM,60,39,02/09/2022 12:00:00 AM
2022-02-18T15-54-16,49444,HACKLEY COMMUNITY CARE CENTER,02/01/2022 12:00:00 AM,02/08/2022 12:00:00 AM,60,49,02/16/2022 12:00:00 AM
2022-02-18T15-54-16,49444,Muskegon Family Care,02/09/2022 12:00:00 AM,02/15/2022 12:00:00 AM,20,,
2022-02-18T16-04-21,49444,MERCY HEALTH MUSKEGON,02/09/2022 12:00:00 AM,02/14/2022 12:00:00 AM,20,40,02/18/2022 12:00:00 AM
2022-02-18T16-04-21,49444,Muskegon Family Care,02/09/2022 12:00:00 AM,02/15/2022 12:00:00 AM,20,,
2022-02-18T16-04-21,49444,HACKLEY COMMUNITY CARE CENTER,02/01/2022 12:00:00 AM,02/08/2022 12:00:00 AM,60,49,02/16/2022 12:00:00 AM
2022-02-22T09-09-37,49444,HACKLEY COMMUNITY CARE CENTER,02/01/2022 12:00:00 AM,02/08/2022 12:00:00 AM,60,49,02/16/2022 12:00:00 AM
2022-02-22T09-09-37,49444,MERCY HEALTH MUSKEGON,02/09/2022 12:00:00 AM,02/14/2022 12:00:00 AM,20,40,02/21/2022 12:00:00 AM
2022-02-22T09-09-37,49444,Muskegon Family Care,02/09/2022 12:00:00 AM,02/15/2022 12:00:00 AM,20,,
2022-02-24T09-51-18,49444,Muskegon Family Care,02/09/2022 12:00:00 AM,02/15/2022 12:00:00 AM,20,,
2022-02-24T09-51-18,49444,MERCY HEALTH MUSKEGON,02/09/2022 12:00:00 AM,02/14/2022 12:00:00 AM,20,40,02/22/2022 12:00:00 AM
2022-02-24T09-51-18,49444,HACKLEY COMMUNITY CARE CENTER,02/01/2022 12:00:00 AM,02/08/2022 12:00:00 AM,60,49,02/21/2022 12:00:00 AM
2022-03-03T09-56-49,49444,MERCY HEALTH MUSKEGON,02/09/2022 12:00:00 AM,02/14/2022 12:00:00 AM,20,40,02/28/2022 12:00:00 AM
2022-03-03T09-56-49,49444,HACKLEY COMMUNITY CARE CENTER,02/09/2022 12:00:00 AM,02/08/2022 12:00:00 AM,80,47,02/25/2022 12:00:00 AM
2022-03-03T09-56-49,49444,Muskegon Family Care,02/09/2022 12:00:00 AM,02/15/2022 12:00:00 AM,20,20,02/28/2022 12:00:00 AM
2022-03-03T10-04-44,49444,MERCY HEALTH MUSKEGON,02/09/2022 12:00:00 AM,02/14/2022 12:00:00 AM,20,40,03/02/2022 12:00:00 AM
2022-03-03T10-04-44,49444,HACKLEY COMMUNITY CARE CENTER,02/09/2022 12:00:00 AM,02/08/2022 12:00:00 AM,80,47,02/25/2022 12:00:00 AM
2022-03-03T10-04-44,49444,Muskegon Family Care,02/09/2022 12:00:00 AM,02/15/2022 12:00:00 AM,20,20,03/02/2022 12:00:00 AM
2022-03-08T14-40-56,49444,Muskegon Family Care,02/09/2022 12:00:00 AM,02/15/2022 12:00:00 AM,20,20,03/04/2022 12:00:00 AM
2022-03-08T14-40-56,49444,HACKLEY COMMUNITY CARE CENTER,02/09/2022 12:00:00 AM,02/08/2022 12:00:00 AM,80,66,03/07/2022 12:00:00 AM
2022-03-08T14-40-56,49444,MERCY HEALTH MUSKEGON,02/09/2022 12:00:00 AM,02/14/2022 12:00:00 AM,20,40,03/06/2022 12:00:00 AM
