2022-02-02T09-09-05,51555,Valley Drug Store,01/28/2022 12:00:00 AM,,40,,
2022-02-04T09-14-55,51555,Valley Drug Store,01/28/2022 12:00:00 AM,,40,,
2022-02-07T09-54-34,51555,Valley Drug Store,01/28/2022 12:00:00 AM,,40,,
2022-02-09T09-41-46,51555,Valley Drug Store,01/28/2022 12:00:00 AM,02/04/2022 12:00:00 AM,40,,
2022-02-10T21-04-53,51555,Valley Drug Store,01/28/2022 12:00:00 AM,02/04/2022 12:00:00 AM,40,40,02/09/2022 12:00:00 AM
2022-02-14T09-23-55,51555,Valley Drug Store,01/28/2022 12:00:00 AM,02/04/2022 12:00:00 AM,40,40,02/09/2022 12:00:00 AM
2022-02-15T10-17-36,51555,Valley Drug Store,01/28/2022 12:00:00 AM,02/04/2022 12:00:00 AM,40,40,02/09/2022 12:00:00 AM
2022-02-16T08-11-48,51555,Valley Drug Store,01/28/2022 12:00:00 AM,02/04/2022 12:00:00 AM,40,40,02/09/2022 12:00:00 AM
2022-02-16T08-23-53,51555,Valley Drug Store,01/28/2022 12:00:00 AM,02/04/2022 12:00:00 AM,40,40,02/09/2022 12:00:00 AM
2022-02-16T18-37-01,51555,Valley Drug Store,01/28/2022 12:00:00 AM,02/04/2022 12:00:00 AM,40,40,02/09/2022 12:00:00 AM
2022-02-18T15-54-16,51555,Valley Drug Store,01/28/2022 12:00:00 AM,02/04/2022 12:00:00 AM,40,40,02/09/2022 12:00:00 AM
2022-02-18T16-04-21,51555,Valley Drug Store,01/28/2022 12:00:00 AM,02/04/2022 12:00:00 AM,40,40,02/09/2022 12:00:00 AM
2022-02-22T09-09-37,51555,Valley Drug Store,01/28/2022 12:00:00 AM,02/04/2022 12:00:00 AM,40,40,02/09/2022 12:00:00 AM
2022-02-24T09-51-18,51555,Valley Drug Store,01/28/2022 12:00:00 AM,02/04/2022 12:00:00 AM,40,40,02/21/2022 12:00:00 AM
2022-03-03T09-56-49,51555,Valley Drug Store,01/28/2022 12:00:00 AM,02/04/2022 12:00:00 AM,40,40,02/25/2022 12:00:00 AM
2022-03-03T10-04-44,51555,Valley Drug Store,01/28/2022 12:00:00 AM,02/04/2022 12:00:00 AM,40,40,03/01/2022 12:00:00 AM
2022-03-08T14-40-56,51555,Valley Drug Store,01/28/2022 12:00:00 AM,02/04/2022 12:00:00 AM,40,40,03/03/2022 12:00:00 AM
