2022-02-14T09-23-55,54552,PARK PHARMACY,,,0,5,02/10/2022 12:00:00 AM
2022-02-15T10-17-36,54552,PARK PHARMACY,,,0,5,02/10/2022 12:00:00 AM
2022-02-16T08-11-48,54552,PARK PHARMACY,,,0,5,02/10/2022 12:00:00 AM
2022-02-16T08-23-53,54552,PARK PHARMACY,,,0,5,02/10/2022 12:00:00 AM
2022-03-03T09-56-49,54552,MMC - FLAMBEAU HOSPITAL,02/25/2022 12:00:00 AM,,20,,
2022-03-03T10-04-44,54552,MMC - FLAMBEAU HOSPITAL,02/25/2022 12:00:00 AM,03/01/2022 12:00:00 AM,20,,
2022-03-08T14-40-56,54552,MMC - FLAMBEAU HOSPITAL,02/25/2022 12:00:00 AM,03/01/2022 12:00:00 AM,20,,
