2022-02-10T21-04-53,54639,Vernon Memorial Pharmacy-La Farge,01/26/2022 12:00:00 AM,,0,7,02/09/2022 12:00:00 AM
2022-02-14T09-23-55,54639,Vernon Memorial Pharmacy-La Farge,01/26/2022 12:00:00 AM,,0,7,02/10/2022 12:00:00 AM
2022-02-15T10-17-36,54639,Vernon Memorial Pharmacy-La Farge,01/26/2022 12:00:00 AM,,0,7,02/10/2022 12:00:00 AM
2022-02-16T08-11-48,54639,Vernon Memorial Pharmacy-La Farge,01/26/2022 12:00:00 AM,,0,7,02/13/2022 12:00:00 AM
2022-02-16T08-23-53,54639,Vernon Memorial Pharmacy-La Farge,01/26/2022 12:00:00 AM,,0,7,02/14/2022 12:00:00 AM
