2022-02-18T16-04-21,60660,HEARTLAND HEALTH CENTERS,02/17/2022 12:00:00 AM,,100,,
2022-02-22T09-09-37,60660,HEARTLAND HEALTH CENTERS,02/17/2022 12:00:00 AM,,100,,
2022-02-24T09-51-18,60660,HEARTLAND HEALTH CENTERS,02/17/2022 12:00:00 AM,,100,,
2022-03-03T09-56-49,60660,HEARTLAND HEALTH CENTERS,02/17/2022 12:00:00 AM,02/22/2022 12:00:00 AM,100,,02/28/2022 12:00:00 AM
2022-03-03T10-04-44,60660,HEARTLAND HEALTH CENTERS,02/17/2022 12:00:00 AM,02/22/2022 12:00:00 AM,100,100,03/02/2022 12:00:00 AM
2022-03-08T14-40-56,60660,HEARTLAND HEALTH CENTERS,02/17/2022 12:00:00 AM,02/22/2022 12:00:00 AM,100,100,03/07/2022 12:00:00 AM
2022-03-08T14-40-56,60660,Walgreens Store #15197,02/24/2022 12:00:00 AM,02/28/2022 12:00:00 AM,20,19,03/08/2022 12:00:00 AM
2022-03-08T14-40-56,60660,Walgreens Store #04542,02/24/2022 12:00:00 AM,02/28/2022 12:00:00 AM,20,59,03/08/2022 12:00:00 AM
