2021-12-29T09-02-14,66046,Walmart Pharmacy #484,12/27/2021 12:00:00 AM,,,,
2021-12-30T09-20-52,66046,Walmart Pharmacy #484,12/27/2021 12:00:00 AM,12/30/2021 12:00:00 AM,,,
2022-01-03T16-32-58,66046,Walmart Pharmacy #484,12/27/2021 12:00:00 AM,12/30/2021 12:00:00 AM,20,,
2022-01-04T16-56-44,66046,Walmart Pharmacy #484,12/27/2021 12:00:00 AM,12/30/2021 12:00:00 AM,20,,
2022-01-04T18-34-57,66046,Walmart Pharmacy #484,12/27/2021 12:00:00 AM,12/30/2021 12:00:00 AM,20,,
2022-01-05T18-07-41,66046,Walmart Pharmacy #484,12/27/2021 12:00:00 AM,12/30/2021 12:00:00 AM,20,,
2022-01-07T08-09-36,66046,Walmart Pharmacy #484,12/27/2021 12:00:00 AM,,20,,
2022-01-10T10-10-35,66046,Walmart Pharmacy #484,12/27/2021 12:00:00 AM,12/30/2021 12:00:00 AM,20,1,01/07/2022 12:00:00 AM
2022-01-11T08-35-31,66046,Walmart Pharmacy #484,12/27/2021 12:00:00 AM,12/30/2021 12:00:00 AM,20,0,01/08/2022 12:00:00 AM
2022-01-12T08-07-48,66046,Walmart Pharmacy #484,12/27/2021 12:00:00 AM,12/30/2021 12:00:00 AM,20,0,01/08/2022 12:00:00 AM
2022-01-13T10-07-11,66046,Walmart Pharmacy #484,12/27/2021 12:00:00 AM,12/30/2021 12:00:00 AM,20,0,01/08/2022 12:00:00 AM
2022-01-14T15-37-26,66046,Walmart Pharmacy #484,12/27/2021 12:00:00 AM,12/30/2021 12:00:00 AM,20,0,01/08/2022 12:00:00 AM
2022-01-19T08-05-28,66046,Walmart Pharmacy #484,01/14/2022 12:00:00 AM,,60,0,01/08/2022 12:00:00 AM
2022-01-21T18-08-01,66046,Walmart Pharmacy #484,01/14/2022 12:00:00 AM,01/19/2022 12:00:00 AM,60,0,01/08/2022 12:00:00 AM
2022-01-24T09-15-30,66046,Walmart Pharmacy #484,01/14/2022 12:00:00 AM,12/30/2021 12:00:00 AM,60,7,01/20/2022 12:00:00 AM
2022-01-25T09-23-26,66046,Walmart Pharmacy #484,01/14/2022 12:00:00 AM,01/19/2022 12:00:00 AM,100,36,01/24/2022 12:00:00 AM
2022-01-26T07-35-52,66046,Walmart Pharmacy #484,01/14/2022 12:00:00 AM,01/19/2022 12:00:00 AM,100,33,01/25/2022 12:00:00 AM
2022-01-27T14-49-32,66046,Walmart Pharmacy #484,01/14/2022 12:00:00 AM,01/19/2022 12:00:00 AM,100,31,01/26/2022 12:00:00 AM
2022-01-28T09-28-02,66046,Walmart Pharmacy #484,01/14/2022 12:00:00 AM,01/19/2022 12:00:00 AM,100,31,01/26/2022 12:00:00 AM
2022-01-28T13-55-27,66046,Walmart Pharmacy #484,01/14/2022 12:00:00 AM,01/19/2022 12:00:00 AM,100,31,01/26/2022 12:00:00 AM
2022-01-28T14-38-48,66046,Walmart Pharmacy #484,01/14/2022 12:00:00 AM,01/19/2022 12:00:00 AM,100,31,01/26/2022 12:00:00 AM
2022-01-28T15-43-02,66046,Walmart Pharmacy #484,01/14/2022 12:00:00 AM,01/19/2022 12:00:00 AM,100,31,01/26/2022 12:00:00 AM
2022-01-28T17-11-19,66046,Walmart Pharmacy #484,01/14/2022 12:00:00 AM,01/19/2022 12:00:00 AM,100,31,01/26/2022 12:00:00 AM
2022-02-01T09-23-15,66046,Walmart Pharmacy #484,01/14/2022 12:00:00 AM,01/19/2022 12:00:00 AM,100,7,01/31/2022 12:00:00 AM
2022-02-02T09-09-05,66046,Walmart Pharmacy #484,01/14/2022 12:00:00 AM,01/19/2022 12:00:00 AM,60,7,01/31/2022 12:00:00 AM
2022-02-04T09-14-55,66046,Walmart Pharmacy #484,01/14/2022 12:00:00 AM,01/19/2022 12:00:00 AM,60,1,02/02/2022 12:00:00 AM
2022-02-07T09-54-34,66046,Walmart Pharmacy #484,01/14/2022 12:00:00 AM,01/19/2022 12:00:00 AM,60,1,02/02/2022 12:00:00 AM
2022-02-09T09-41-46,66046,Walmart Pharmacy #484,01/14/2022 12:00:00 AM,01/19/2022 12:00:00 AM,60,1,02/02/2022 12:00:00 AM
2022-02-10T21-04-53,66046,Walmart Pharmacy #484,01/14/2022 12:00:00 AM,01/19/2022 12:00:00 AM,60,1,02/02/2022 12:00:00 AM
2022-02-14T09-23-55,66046,Walmart Pharmacy #484,01/14/2022 12:00:00 AM,01/19/2022 12:00:00 AM,60,1,02/02/2022 12:00:00 AM
2022-02-15T10-17-36,66046,Walmart Pharmacy #484,01/14/2022 12:00:00 AM,01/19/2022 12:00:00 AM,60,1,02/02/2022 12:00:00 AM
2022-02-16T08-11-48,66046,Walmart Pharmacy #484,02/12/2022 12:00:00 AM,01/19/2022 12:00:00 AM,100,1,02/02/2022 12:00:00 AM
2022-02-16T08-23-53,66046,Walmart Pharmacy #484,02/12/2022 12:00:00 AM,01/19/2022 12:00:00 AM,100,1,02/02/2022 12:00:00 AM
2022-02-16T18-37-01,66046,Walmart Pharmacy #484,02/12/2022 12:00:00 AM,02/15/2022 12:00:00 AM,100,1,02/02/2022 12:00:00 AM
2022-02-18T15-54-16,66046,Walmart Pharmacy #484,02/12/2022 12:00:00 AM,02/15/2022 12:00:00 AM,100,1,02/02/2022 12:00:00 AM
2022-02-18T16-04-21,66046,Walmart Pharmacy #484,02/12/2022 12:00:00 AM,02/15/2022 12:00:00 AM,100,1,02/02/2022 12:00:00 AM
2022-02-22T09-09-37,66046,Walmart Pharmacy #484,02/12/2022 12:00:00 AM,02/15/2022 12:00:00 AM,100,37,02/21/2022 12:00:00 AM
2022-02-24T09-51-18,66046,Walmart Pharmacy #484,02/12/2022 12:00:00 AM,02/15/2022 12:00:00 AM,100,37,02/21/2022 12:00:00 AM
2022-03-03T09-56-49,66046,Walmart Pharmacy #484,02/12/2022 12:00:00 AM,02/15/2022 12:00:00 AM,100,36,02/28/2022 12:00:00 AM
2022-03-03T10-04-44,66046,Walmart Pharmacy #484,02/12/2022 12:00:00 AM,02/15/2022 12:00:00 AM,100,36,03/02/2022 12:00:00 AM
2022-03-08T14-40-56,66046,Walmart Pharmacy #484,02/12/2022 12:00:00 AM,02/15/2022 12:00:00 AM,100,35,03/08/2022 12:00:00 AM
2022-03-16T18-51-35,66046,Walmart Pharmacy #484,NLP,NLP,NLP,34,03/11/2022 12:00:00 AM
2022-03-16T18-51-35,66046,HASKELL HEALTH CENTER USPHS,NLP,NLP,NLP,20,03/11/2022 12:00:00 AM
2022-03-18T09-58-11,66046,HASKELL HEALTH CENTER USPHS,NLP,NLP,NLP,20,03/11/2022 12:00:00 AM
2022-03-18T09-58-11,66046,Walmart Pharmacy #484,NLP,NLP,NLP,33,03/15/2022 12:00:00 AM
2022-03-18T11-03-37,66046,HASKELL HEALTH CENTER USPHS,NLP,NLP,NLP,20,03/11/2022 12:00:00 AM
2022-03-18T11-03-37,66046,Walmart Pharmacy #484,NLP,NLP,NLP,33,03/15/2022 12:00:00 AM
2022-03-18T11-17-38,66046,HASKELL HEALTH CENTER USPHS,NLP,NLP,NLP,20,03/11/2022 12:00:00 AM
2022-03-18T11-17-38,66046,Walmart Pharmacy #484,NLP,NLP,NLP,33,03/17/2022 12:00:00 AM
2022-03-18T15-22-50,66046,HASKELL HEALTH CENTER USPHS,NLP,NLP,NLP,20,03/11/2022 12:00:00 AM
2022-03-18T15-22-50,66046,Walmart Pharmacy #484,NLP,NLP,NLP,33,03/17/2022 12:00:00 AM
2022-03-19T08-15-59,66046,HASKELL HEALTH CENTER USPHS,NLP,NLP,NLP,20,03/11/2022 12:00:00 AM
2022-03-19T08-15-59,66046,Walmart Pharmacy #484,NLP,NLP,NLP,33,03/17/2022 12:00:00 AM
2022-03-19T11-58-02,66046,Walmart Pharmacy #484,NLP,NLP,NLP,33,03/18/2022 12:00:00 AM
2022-03-20T06-05-37,66046,Walmart Pharmacy #484,NLP,NLP,NLP,33,03/18/2022 12:00:00 AM
2022-03-21T06-11-50,66046,Walmart Pharmacy #484,NLP,NLP,NLP,33,03/18/2022 12:00:00 AM
2022-03-21T14-18-38,66046,Walmart Pharmacy #484,NLP,NLP,NLP,33,03/18/2022 12:00:00 AM
2022-03-21T16-35-27,66046,Walmart Pharmacy #484,NLP,NLP,NLP,32,03/21/2022 12:00:00 AM
2022-03-22T09-16-18,66046,Walmart Pharmacy #484,NLP,NLP,NLP,32,03/21/2022 12:00:00 AM
2022-03-23T08-41-43,66046,Walmart Pharmacy #484,NLP,NLP,NLP,32,03/22/2022 12:00:00 AM
2022-03-24T07-49-11,66046,Walmart Pharmacy #484,NLP,NLP,NLP,32,03/22/2022 12:00:00 AM
2022-03-24T13-46-29,66046,Walmart Pharmacy #484,NLP,NLP,NLP,32,03/23/2022 12:00:00 AM
2022-03-25T08-10-53,66046,CVS Store #00676,NLP,NLP,NLP,20,03/24/2022 12:00:00 AM
2022-03-25T08-10-53,66046,Walmart Pharmacy #484,NLP,NLP,NLP,32,03/24/2022 12:00:00 AM
2022-03-26T06-57-27,66046,CVS Store #00676,NLP,NLP,NLP,20,03/25/2022 12:00:00 AM
2022-03-26T06-57-27,66046,HASKELL HEALTH CENTER USPHS,NLP,NLP,NLP,20,03/25/2022 12:00:00 AM
2022-03-26T06-57-27,66046,Walmart Pharmacy #484,NLP,NLP,NLP,32,03/25/2022 12:00:00 AM
2022-03-26T12-42-50,66046,HASKELL HEALTH CENTER USPHS,NLP,NLP,NLP,20,03/25/2022 12:00:00 AM
2022-03-26T12-42-50,66046,CVS Store #00676,NLP,NLP,NLP,20,03/25/2022 12:00:00 AM
2022-03-26T12-42-50,66046,Walmart Pharmacy #484,NLP,NLP,NLP,32,03/25/2022 12:00:00 AM
2022-03-27T06-25-27,66046,CVS Store #00676,NLP,NLP,NLP,20,03/25/2022 12:00:00 AM
2022-03-27T06-25-27,66046,HASKELL HEALTH CENTER USPHS,NLP,NLP,NLP,20,03/25/2022 12:00:00 AM
2022-03-27T06-25-27,66046,Walmart Pharmacy #484,NLP,NLP,NLP,32,03/25/2022 12:00:00 AM
2022-03-28T06-21-17,66046,Walmart Pharmacy #484,NLP,NLP,NLP,32,03/25/2022 12:00:00 AM
2022-03-28T06-21-17,66046,HASKELL HEALTH CENTER USPHS,NLP,NLP,NLP,20,03/25/2022 12:00:00 AM
2022-03-28T06-21-17,66046,CVS Store #00676,NLP,NLP,NLP,20,03/25/2022 12:00:00 AM
2022-03-29T08-50-48,66046,HASKELL HEALTH CENTER USPHS,NLP,NLP,NLP,19,03/28/2022 12:00:00 AM
2022-03-29T08-50-48,66046,CVS Store #00676,NLP,NLP,NLP,20,03/28/2022 12:00:00 AM
2022-03-29T08-50-48,66046,Walmart Pharmacy #484,NLP,NLP,NLP,30,03/28/2022 12:00:00 AM
2022-03-30T09-27-07,66046,CVS Store #00676,NLP,NLP,NLP,20,03/29/2022 12:00:00 AM
2022-03-30T09-27-07,66046,Walmart Pharmacy #484,NLP,NLP,NLP,30,03/29/2022 12:00:00 AM
2022-03-30T09-27-07,66046,HASKELL HEALTH CENTER USPHS,NLP,NLP,NLP,19,03/28/2022 12:00:00 AM
2022-03-31T08-53-07,66046,HASKELL HEALTH CENTER USPHS,NLP,NLP,NLP,19,03/28/2022 12:00:00 AM
2022-03-31T08-53-07,66046,CVS Store #00676,NLP,NLP,NLP,19,03/30/2022 12:00:00 AM
2022-03-31T08-53-07,66046,Walmart Pharmacy #484,NLP,NLP,NLP,29,03/30/2022 12:00:00 AM
2022-03-31T15-09-22,66046,HASKELL HEALTH CENTER USPHS,NLP,NLP,NLP,19,03/28/2022 12:00:00 AM
2022-03-31T15-09-22,66046,CVS Store #00676,NLP,NLP,NLP,19,03/30/2022 12:00:00 AM
2022-03-31T15-09-22,66046,Walmart Pharmacy #484,NLP,NLP,NLP,29,03/30/2022 12:00:00 AM
2022-04-01T06-54-45,66046,HASKELL HEALTH CENTER USPHS,NLP,NLP,NLP,16,03/31/2022 12:00:00 AM
2022-04-01T06-54-45,66046,CVS Store #00676,NLP,NLP,NLP,19,03/31/2022 12:00:00 AM
2022-04-01T06-54-45,66046,Walmart Pharmacy #484,NLP,NLP,NLP,27,03/31/2022 12:00:00 AM
2022-04-02T06-05-59,66046,CVS Store #00676,NLP,NLP,NLP,19,04/01/2022 12:00:00 AM
2022-04-02T06-05-59,66046,Walmart Pharmacy #484,NLP,NLP,NLP,25,04/01/2022 12:00:00 AM
2022-04-02T06-05-59,66046,HASKELL HEALTH CENTER USPHS,NLP,NLP,NLP,16,04/01/2022 12:00:00 AM
2022-04-03T05-51-54,66046,CVS Store #00676,NLP,NLP,NLP,19,04/01/2022 12:00:00 AM
2022-04-03T05-51-54,66046,Walmart Pharmacy #484,NLP,NLP,NLP,25,04/01/2022 12:00:00 AM
2022-04-03T05-51-54,66046,HASKELL HEALTH CENTER USPHS,NLP,NLP,NLP,16,04/01/2022 12:00:00 AM
2022-04-04T05-38-24,66046,CVS Store #00676,NLP,NLP,NLP,19,04/01/2022 12:00:00 AM
2022-04-04T05-38-24,66046,Walmart Pharmacy #484,NLP,NLP,NLP,25,04/01/2022 12:00:00 AM
2022-04-04T05-38-24,66046,HASKELL HEALTH CENTER USPHS,NLP,NLP,NLP,16,04/01/2022 12:00:00 AM
2022-04-05T05-48-33,66046,CVS Store #00676,NLP,NLP,NLP,18,04/04/2022 12:00:00 AM
2022-04-05T05-48-33,66046,HASKELL HEALTH CENTER USPHS,NLP,NLP,NLP,16,04/04/2022 12:00:00 AM
2022-04-05T05-48-33,66046,Walmart Pharmacy #484,NLP,NLP,NLP,25,04/04/2022 12:00:00 AM
2022-04-06T05-45-18,66046,CVS Store #16147,NLP,NLP,NLP,20,04/05/2022 12:00:00 AM
2022-04-06T05-45-18,66046,Walmart Pharmacy #484,NLP,NLP,NLP,25,04/04/2022 12:00:00 AM
2022-04-06T05-45-18,66046,HASKELL HEALTH CENTER USPHS,NLP,NLP,NLP,16,04/04/2022 12:00:00 AM
2022-04-06T05-45-18,66046,CVS Store #00676,NLP,NLP,NLP,18,04/05/2022 12:00:00 AM
2022-04-07T05-34-07,66046,CVS Store #16147,NLP,NLP,NLP,20,04/06/2022 12:00:00 AM
2022-04-07T05-34-07,66046,HASKELL HEALTH CENTER USPHS,NLP,NLP,NLP,16,04/04/2022 12:00:00 AM
2022-04-07T05-34-07,66046,Walmart Pharmacy #484,NLP,NLP,NLP,23,04/06/2022 12:00:00 AM
2022-04-07T05-34-07,66046,CVS Store #00676,NLP,NLP,NLP,18,04/06/2022 12:00:00 AM
2022-04-08T05-48-29,66046,CVS Store #16147,NLP,NLP,NLP,20,04/07/2022 12:00:00 AM
2022-04-08T05-48-29,66046,Walmart Pharmacy #484,NLP,NLP,NLP,23,04/07/2022 12:00:00 AM
2022-04-08T05-48-29,66046,CVS Store #00676,NLP,NLP,NLP,18,04/07/2022 12:00:00 AM
2022-04-08T05-48-29,66046,HASKELL HEALTH CENTER USPHS,NLP,NLP,NLP,16,04/04/2022 12:00:00 AM
2022-04-09T05-41-09,66046,HASKELL HEALTH CENTER USPHS,NLP,NLP,NLP,16,04/04/2022 12:00:00 AM
2022-04-09T05-41-09,66046,CVS Store #00676,NLP,NLP,NLP,18,04/08/2022 12:00:00 AM
2022-04-09T05-41-09,66046,Walmart Pharmacy #484,NLP,NLP,NLP,22,04/08/2022 12:00:00 AM
2022-04-09T05-41-09,66046,CVS Store #16147,NLP,NLP,NLP,20,04/08/2022 12:00:00 AM
2022-04-10T09-31-27,66046,Walmart Pharmacy #484,NLP,NLP,NLP,22,04/08/2022 12:00:00 AM
2022-04-10T09-31-27,66046,CVS Store #16147,NLP,NLP,NLP,20,04/08/2022 12:00:00 AM
2022-04-10T09-31-27,66046,HASKELL HEALTH CENTER USPHS,NLP,NLP,NLP,16,04/04/2022 12:00:00 AM
2022-04-10T09-31-27,66046,CVS Store #00676,NLP,NLP,NLP,18,04/08/2022 12:00:00 AM
2022-04-11T07-06-23,66046,Walmart Pharmacy #484,NLP,NLP,NLP,22,04/08/2022 12:00:00 AM
2022-04-11T07-06-23,66046,CVS Store #16147,NLP,NLP,NLP,20,04/08/2022 12:00:00 AM
2022-04-11T07-06-23,66046,CVS Store #00676,NLP,NLP,NLP,18,04/08/2022 12:00:00 AM
2022-04-11T07-06-23,66046,HASKELL HEALTH CENTER USPHS,NLP,NLP,NLP,16,04/04/2022 12:00:00 AM
2022-04-12T07-06-55,66046,Walmart Pharmacy #484,NLP,NLP,NLP,19,04/11/2022 12:00:00 AM
2022-04-12T07-06-55,66046,CVS Store #16147,NLP,NLP,NLP,20,04/11/2022 12:00:00 AM
2022-04-12T07-06-55,66046,HASKELL HEALTH CENTER USPHS,NLP,NLP,NLP,16,04/04/2022 12:00:00 AM
2022-04-12T07-06-55,66046,CVS Store #00676,NLP,NLP,NLP,14,04/11/2022 12:00:00 AM
2022-04-13T09-20-57,66046,CVS Store #16147,NLP,NLP,NLP,20,04/12/2022 12:00:00 AM
2022-04-13T09-20-57,66046,Walmart Pharmacy #484,NLP,NLP,NLP,19,04/12/2022 12:00:00 AM
2022-04-13T09-20-57,66046,CVS Store #00676,NLP,NLP,NLP,14,04/12/2022 12:00:00 AM
2022-04-13T09-20-57,66046,HASKELL HEALTH CENTER USPHS,NLP,NLP,NLP,16,04/04/2022 12:00:00 AM
2022-04-13T11-55-39,66046,CVS Store #16147,NLP,NLP,NLP,20,04/12/2022 12:00:00 AM
2022-04-13T11-55-39,66046,Walmart Pharmacy #484,NLP,NLP,NLP,18,04/13/2022 12:00:00 AM
2022-04-13T11-55-39,66046,CVS Store #00676,NLP,NLP,NLP,14,04/12/2022 12:00:00 AM
2022-04-13T11-55-39,66046,HASKELL HEALTH CENTER USPHS,NLP,NLP,NLP,16,04/04/2022 12:00:00 AM
2022-04-14T09-18-06,66046,CVS Store #16147,NLP,NLP,NLP,20,04/13/2022 12:00:00 AM
2022-04-14T09-18-06,66046,Walmart Pharmacy #484,NLP,NLP,NLP,18,04/13/2022 12:00:00 AM
2022-04-14T09-18-06,66046,CVS Store #00676,NLP,NLP,NLP,14,04/13/2022 12:00:00 AM
2022-04-14T09-18-06,66046,HASKELL HEALTH CENTER USPHS,NLP,NLP,NLP,16,04/04/2022 12:00:00 AM
2022-04-15T06-03-51,66046,CVS Store #00676,NLP,NLP,NLP,12,04/14/2022 12:00:00 AM
2022-04-15T06-03-51,66046,Walmart Pharmacy #484,NLP,NLP,NLP,14,04/14/2022 12:00:00 AM
2022-04-15T06-03-51,66046,CVS Store #16147,NLP,NLP,NLP,20,04/14/2022 12:00:00 AM
2022-04-15T06-03-51,66046,HASKELL HEALTH CENTER USPHS,NLP,NLP,NLP,16,04/04/2022 12:00:00 AM
2022-04-16T05-33-42,66046,CVS Store #16147,NLP,NLP,NLP,20,04/15/2022 12:00:00 AM
2022-04-16T05-33-42,66046,CVS Store #00676,NLP,NLP,NLP,11,04/15/2022 12:00:00 AM
2022-04-16T05-33-42,66046,HASKELL HEALTH CENTER USPHS,NLP,NLP,NLP,16,04/04/2022 12:00:00 AM
2022-04-16T05-33-42,66046,Walmart Pharmacy #484,NLP,NLP,NLP,13,04/15/2022 12:00:00 AM
2022-04-17T05-32-24,66046,CVS Store #16147,NLP,NLP,NLP,20,04/15/2022 12:00:00 AM
2022-04-17T05-32-24,66046,Walmart Pharmacy #484,NLP,NLP,NLP,13,04/15/2022 12:00:00 AM
2022-04-17T05-32-24,66046,CVS Store #00676,NLP,NLP,NLP,11,04/15/2022 12:00:00 AM
2022-04-17T05-32-24,66046,HASKELL HEALTH CENTER USPHS,NLP,NLP,NLP,16,04/04/2022 12:00:00 AM
2022-04-18T05-31-10,66046,Walmart Pharmacy #484,NLP,NLP,NLP,13,04/15/2022 12:00:00 AM
2022-04-18T05-31-10,66046,CVS Store #16147,NLP,NLP,NLP,20,04/15/2022 12:00:00 AM
2022-04-18T05-31-10,66046,CVS Store #00676,NLP,NLP,NLP,11,04/15/2022 12:00:00 AM
2022-04-18T05-31-10,66046,HASKELL HEALTH CENTER USPHS,NLP,NLP,NLP,16,04/04/2022 12:00:00 AM
2022-04-19T05-39-24,66046,CVS Store #16147,NLP,NLP,NLP,19,04/18/2022 12:00:00 AM
2022-04-19T05-39-24,66046,HASKELL HEALTH CENTER USPHS,NLP,NLP,NLP,16,04/04/2022 12:00:00 AM
2022-04-19T05-39-24,66046,Walmart Pharmacy #484,NLP,NLP,NLP,13,04/15/2022 12:00:00 AM
2022-04-19T05-39-24,66046,CVS Store #00676,NLP,NLP,NLP,5,04/18/2022 12:00:00 AM
2022-04-20T05-27-37,66046,CVS Store #16147,NLP,NLP,NLP,19,04/19/2022 12:00:00 AM
2022-04-20T05-27-37,66046,Walmart Pharmacy #484,NLP,NLP,NLP,13,04/15/2022 12:00:00 AM
2022-04-20T05-27-37,66046,HASKELL HEALTH CENTER USPHS,NLP,NLP,NLP,16,04/04/2022 12:00:00 AM
2022-04-20T05-27-37,66046,CVS Store #00676,NLP,NLP,NLP,17,04/19/2022 12:00:00 AM
2022-04-21T05-29-54,66046,CVS Store #16147,NLP,NLP,NLP,19,04/20/2022 12:00:00 AM
2022-04-21T05-29-54,66046,HASKELL HEALTH CENTER USPHS,NLP,NLP,NLP,38,04/20/2022 12:00:00 AM
2022-04-21T05-29-54,66046,Walmart Pharmacy #484,NLP,NLP,NLP,19,04/20/2022 12:00:00 AM
2022-04-21T05-29-54,66046,CVS Store #00676,NLP,NLP,NLP,14,04/20/2022 12:00:00 AM
2022-04-22T05-26-18,66046,CVS Store #16147,NLP,NLP,NLP,19,04/21/2022 12:00:00 AM
2022-04-22T05-26-18,66046,HASKELL HEALTH CENTER USPHS,NLP,NLP,NLP,38,04/20/2022 12:00:00 AM
2022-04-22T05-26-18,66046,Walmart Pharmacy #484,NLP,NLP,NLP,19,04/21/2022 12:00:00 AM
2022-04-22T05-26-18,66046,CVS Store #00676,NLP,NLP,NLP,11,04/21/2022 12:00:00 AM
2022-04-23T05-25-10,66046,CVS Store #00676,NLP,NLP,NLP,9,04/22/2022 12:00:00 AM
2022-04-23T05-25-10,66046,HASKELL HEALTH CENTER USPHS,NLP,NLP,NLP,38,04/20/2022 12:00:00 AM
2022-04-23T05-25-10,66046,CVS Store #16147,NLP,NLP,NLP,18,04/22/2022 12:00:00 AM
2022-04-23T05-25-10,66046,Walmart Pharmacy #484,NLP,NLP,NLP,7,04/22/2022 12:00:00 AM
2022-04-24T05-22-24,66046,CVS Store #00676,NLP,NLP,NLP,9,04/22/2022 12:00:00 AM
2022-04-24T05-22-24,66046,CVS Store #16147,NLP,NLP,NLP,18,04/22/2022 12:00:00 AM
2022-04-24T05-22-24,66046,Walmart Pharmacy #484,NLP,NLP,NLP,7,04/22/2022 12:00:00 AM
2022-04-24T05-22-24,66046,HASKELL HEALTH CENTER USPHS,NLP,NLP,NLP,38,04/20/2022 12:00:00 AM
2022-04-25T05-22-33,66046,HASKELL HEALTH CENTER USPHS,NLP,NLP,NLP,38,04/20/2022 12:00:00 AM
2022-04-25T05-22-33,66046,Walmart Pharmacy #484,NLP,NLP,NLP,7,04/22/2022 12:00:00 AM
2022-04-25T05-22-33,66046,CVS Store #00676,NLP,NLP,NLP,9,04/22/2022 12:00:00 AM
2022-04-25T05-22-33,66046,CVS Store #16147,NLP,NLP,NLP,18,04/22/2022 12:00:00 AM
2022-04-26T05-20-54,66046,Walmart Pharmacy #484,NLP,NLP,NLP,2,04/25/2022 12:00:00 AM
2022-04-26T05-20-54,66046,HASKELL HEALTH CENTER USPHS,NLP,NLP,NLP,38,04/20/2022 12:00:00 AM
2022-04-26T05-20-54,66046,CVS Store #16147,NLP,NLP,NLP,16,04/25/2022 12:00:00 AM
2022-04-27T05-23-49,66046,Walmart Pharmacy #484,NLP,NLP,NLP,2,04/25/2022 12:00:00 AM
2022-04-27T05-23-49,66046,CVS Store #16147,NLP,NLP,NLP,16,04/26/2022 12:00:00 AM
2022-04-27T05-23-49,66046,HASKELL HEALTH CENTER USPHS,NLP,NLP,NLP,38,04/20/2022 12:00:00 AM
2022-04-27T05-23-49,66046,CVS Store #00676,NLP,NLP,NLP,36,04/26/2022 12:00:00 AM
2022-04-28T09-22-45,66046,CVS Store #00676,NLP,NLP,NLP,36,04/26/2022 12:00:00 AM
2022-04-28T09-22-45,66046,CVS Store #16147,NLP,NLP,NLP,16,04/26/2022 12:00:00 AM
2022-04-28T09-22-45,66046,HASKELL HEALTH CENTER USPHS,NLP,NLP,NLP,38,04/20/2022 12:00:00 AM
2022-04-29T05-13-54,66046,CVS Store #16147,NLP,NLP,NLP,12,04/28/2022 12:00:00 AM
2022-04-29T05-13-54,66046,CVS Store #00676,NLP,NLP,NLP,29,04/28/2022 12:00:00 AM
2022-04-29T05-13-54,66046,HASKELL HEALTH CENTER USPHS,NLP,NLP,NLP,38,04/20/2022 12:00:00 AM
2022-04-30T05-15-55,66046,CVS Store #16147,NLP,NLP,NLP,12,04/29/2022 12:00:00 AM
2022-04-30T05-15-55,66046,HASKELL HEALTH CENTER USPHS,NLP,NLP,NLP,38,04/20/2022 12:00:00 AM
2022-04-30T05-15-55,66046,CVS Store #00676,NLP,NLP,NLP,27,04/29/2022 12:00:00 AM
2022-04-30T05-15-55,66046,DILLON PHARMACY 61500070,NLP,NLP,NLP,20,04/29/2022 12:00:00 AM
2022-05-01T05-13-51,66046,CVS Store #16147,NLP,NLP,NLP,12,04/29/2022 12:00:00 AM
2022-05-01T05-13-51,66046,HASKELL HEALTH CENTER USPHS,NLP,NLP,NLP,38,04/20/2022 12:00:00 AM
2022-05-01T05-13-51,66046,DILLON PHARMACY 61500070,NLP,NLP,NLP,20,04/29/2022 12:00:00 AM
2022-05-01T05-13-51,66046,CVS Store #00676,NLP,NLP,NLP,27,04/29/2022 12:00:00 AM
2022-05-02T06-02-50,66046,CVS Store #16147,NLP,NLP,NLP,12,04/29/2022 12:00:00 AM
2022-05-02T06-02-50,66046,DILLON PHARMACY 61500070,NLP,NLP,NLP,20,04/29/2022 12:00:00 AM
2022-05-02T06-02-50,66046,HASKELL HEALTH CENTER USPHS,NLP,NLP,NLP,38,04/20/2022 12:00:00 AM
2022-05-02T06-02-50,66046,CVS Store #00676,NLP,NLP,NLP,27,04/29/2022 12:00:00 AM
2022-05-03T06-05-23,66046,HASKELL HEALTH CENTER USPHS,NLP,NLP,NLP,38,04/20/2022 12:00:00 AM
2022-05-03T06-05-23,66046,CVS Store #16147,NLP,NLP,NLP,9,05/02/2022 12:00:00 AM
2022-05-03T06-05-23,66046,Walmart Pharmacy #484,NLP,NLP,NLP,1,05/02/2022 12:00:00 AM
2022-05-03T06-05-23,66046,DILLON PHARMACY 61500070,NLP,NLP,NLP,19,05/02/2022 12:00:00 AM
2022-05-03T06-05-23,66046,CVS Store #00676,NLP,NLP,NLP,19,05/02/2022 12:00:00 AM
2022-05-04T05-12-02,66046,HASKELL HEALTH CENTER USPHS,NLP,NLP,NLP,38,04/20/2022 12:00:00 AM
2022-05-04T05-12-02,66046,Walmart Pharmacy #484,NLP,NLP,NLP,1,05/03/2022 12:00:00 AM
2022-05-04T05-12-02,66046,CVS Store #16147,NLP,NLP,NLP,28,05/03/2022 12:00:00 AM
2022-05-04T05-12-02,66046,DILLON PHARMACY 61500070,NLP,NLP,NLP,19,05/03/2022 12:00:00 AM
2022-05-04T05-12-02,66046,CVS Store #00676,NLP,NLP,NLP,74,05/03/2022 12:00:00 AM
2022-05-05T09-49-47,66046,CVS Store #16147,NLP,NLP,NLP,28,05/04/2022 12:00:00 AM
2022-05-05T09-49-47,66046,HASKELL HEALTH CENTER USPHS,NLP,NLP,NLP,38,04/20/2022 12:00:00 AM
2022-05-05T09-49-47,66046,DILLON PHARMACY 61500070,NLP,NLP,NLP,19,05/04/2022 12:00:00 AM
2022-05-05T09-49-47,66046,Walmart Pharmacy #484,NLP,NLP,NLP,1,05/03/2022 12:00:00 AM
2022-05-05T09-49-47,66046,CVS Store #00676,NLP,NLP,NLP,71,05/04/2022 12:00:00 AM
2022-05-06T06-12-41,66046,DILLON PHARMACY 61500070,NLP,NLP,NLP,15,05/05/2022 12:00:00 AM
2022-05-06T06-12-41,66046,CVS Store #16147,NLP,NLP,NLP,28,05/05/2022 12:00:00 AM
2022-05-06T06-12-41,66046,Walmart Pharmacy #484,NLP,NLP,NLP,1,05/03/2022 12:00:00 AM
2022-05-06T06-12-41,66046,HASKELL HEALTH CENTER USPHS,NLP,NLP,NLP,38,04/20/2022 12:00:00 AM
2022-05-06T06-12-41,66046,CVS Store #00676,NLP,NLP,NLP,68,05/05/2022 12:00:00 AM
2022-05-07T05-45-31,66046,CVS Store #16147,NLP,NLP,NLP,27,05/06/2022 12:00:00 AM
2022-05-07T05-45-31,66046,Walmart Pharmacy #484,NLP,NLP,NLP,1,05/03/2022 12:00:00 AM
2022-05-07T05-45-31,66046,HASKELL HEALTH CENTER USPHS,NLP,NLP,NLP,38,04/20/2022 12:00:00 AM
2022-05-07T05-45-31,66046,DILLON PHARMACY 61500070,NLP,NLP,NLP,15,05/06/2022 12:00:00 AM
2022-05-07T05-45-31,66046,CVS Store #00676,NLP,NLP,NLP,67,05/06/2022 12:00:00 AM
2022-05-08T10-02-59,66046,DILLON PHARMACY 61500070,NLP,NLP,NLP,15,05/06/2022 12:00:00 AM
2022-05-08T10-02-59,66046,CVS Store #16147,NLP,NLP,NLP,27,05/06/2022 12:00:00 AM
2022-05-08T10-02-59,66046,HASKELL HEALTH CENTER USPHS,NLP,NLP,NLP,38,04/20/2022 12:00:00 AM
2022-05-08T10-02-59,66046,Walmart Pharmacy #484,NLP,NLP,NLP,1,05/03/2022 12:00:00 AM
2022-05-08T10-02-59,66046,CVS Store #00676,NLP,NLP,NLP,67,05/06/2022 12:00:00 AM
2022-05-09T05-08-14,66046,HASKELL HEALTH CENTER USPHS,NLP,NLP,NLP,38,04/20/2022 12:00:00 AM
2022-05-09T05-08-14,66046,DILLON PHARMACY 61500070,NLP,NLP,NLP,15,05/06/2022 12:00:00 AM
2022-05-09T05-08-14,66046,Walmart Pharmacy #484,NLP,NLP,NLP,1,05/03/2022 12:00:00 AM
2022-05-09T05-08-14,66046,CVS Store #16147,NLP,NLP,NLP,27,05/06/2022 12:00:00 AM
2022-05-09T05-08-14,66046,CVS Store #00676,NLP,NLP,NLP,67,05/06/2022 12:00:00 AM
2022-05-10T06-06-54,66046,HASKELL HEALTH CENTER USPHS,NLP,NLP,NLP,38,04/20/2022 12:00:00 AM
2022-05-10T06-06-54,66046,Walmart Pharmacy #484,NLP,NLP,NLP,1,05/03/2022 12:00:00 AM
2022-05-10T06-06-54,66046,DILLON PHARMACY 61500070,NLP,NLP,NLP,11,05/09/2022 12:00:00 AM
2022-05-10T06-06-54,66046,CVS Store #16147,NLP,NLP,NLP,27,05/09/2022 12:00:00 AM
2022-05-10T06-06-54,66046,CVS Store #00676,NLP,NLP,NLP,61,05/09/2022 12:00:00 AM
2022-05-11T06-51-12,66046,HASKELL HEALTH CENTER USPHS,NLP,NLP,NLP,38,04/20/2022 12:00:00 AM
2022-05-11T06-51-12,66046,DILLON PHARMACY 61500070,NLP,NLP,NLP,11,05/10/2022 12:00:00 AM
2022-05-11T06-51-12,66046,CVS Store #16147,NLP,NLP,NLP,27,05/10/2022 12:00:00 AM
2022-05-11T06-51-12,66046,Walmart Pharmacy #484,NLP,NLP,NLP,1,05/03/2022 12:00:00 AM
2022-05-11T06-51-12,66046,CVS Store #00676,NLP,NLP,NLP,59,05/10/2022 12:00:00 AM
2022-05-12T07-16-49,66046,CVS Store #16147,NLP,NLP,NLP,27,05/11/2022 12:00:00 AM
2022-05-12T07-16-49,66046,DILLON PHARMACY 61500070,NLP,NLP,NLP,11,05/11/2022 12:00:00 AM
2022-05-12T07-16-49,66046,HASKELL HEALTH CENTER USPHS,NLP,NLP,NLP,38,04/20/2022 12:00:00 AM
2022-05-12T07-16-49,66046,Walmart Pharmacy #484,NLP,NLP,NLP,1,05/03/2022 12:00:00 AM
2022-05-12T07-16-49,66046,CVS Store #00676,NLP,NLP,NLP,56,05/11/2022 12:00:00 AM
2022-05-13T06-07-31,66046,HASKELL HEALTH CENTER USPHS,NLP,NLP,NLP,38,04/20/2022 12:00:00 AM
2022-05-13T06-07-31,66046,CVS Store #16147,NLP,NLP,NLP,27,05/12/2022 12:00:00 AM
2022-05-13T06-07-31,66046,Walmart Pharmacy #484,NLP,NLP,NLP,1,05/03/2022 12:00:00 AM
2022-05-13T06-07-31,66046,CVS Store #00676,NLP,NLP,NLP,52,05/12/2022 12:00:00 AM
2022-05-13T06-07-31,66046,DILLON PHARMACY 61500070,NLP,NLP,NLP,10,05/12/2022 12:00:00 AM
2022-05-14T08-49-14,66046,DILLON PHARMACY 61500070,NLP,NLP,NLP,10,05/13/2022 12:00:00 AM
2022-05-14T08-49-14,66046,CVS Store #16147,NLP,NLP,NLP,26,05/13/2022 12:00:00 AM
2022-05-14T08-49-14,66046,HASKELL HEALTH CENTER USPHS,NLP,NLP,NLP,38,04/20/2022 12:00:00 AM
2022-05-14T08-49-14,66046,CVS Store #00676,NLP,NLP,NLP,51,05/13/2022 12:00:00 AM
2022-05-14T08-49-14,66046,Walmart Pharmacy #484,NLP,NLP,NLP,1,05/03/2022 12:00:00 AM
2022-05-15T05-54-13,66046,CVS Store #16147,NLP,NLP,NLP,26,05/13/2022 12:00:00 AM
2022-05-15T05-54-13,66046,DILLON PHARMACY 61500070,NLP,NLP,NLP,10,05/13/2022 12:00:00 AM
2022-05-15T05-54-13,66046,HASKELL HEALTH CENTER USPHS,NLP,NLP,NLP,38,04/20/2022 12:00:00 AM
2022-05-15T05-54-13,66046,CVS Store #00676,NLP,NLP,NLP,51,05/13/2022 12:00:00 AM
2022-05-15T05-54-13,66046,Walmart Pharmacy #484,NLP,NLP,NLP,1,05/03/2022 12:00:00 AM
2022-05-16T05-54-24,66046,CVS Store #16147,NLP,NLP,NLP,26,05/13/2022 12:00:00 AM
2022-05-16T05-54-24,66046,HASKELL HEALTH CENTER USPHS,NLP,NLP,NLP,38,04/20/2022 12:00:00 AM
2022-05-16T05-54-24,66046,DILLON PHARMACY 61500070,NLP,NLP,NLP,10,05/13/2022 12:00:00 AM
2022-05-16T05-54-24,66046,Walmart Pharmacy #484,NLP,NLP,NLP,1,05/03/2022 12:00:00 AM
2022-05-16T05-54-24,66046,CVS Store #00676,NLP,NLP,NLP,51,05/13/2022 12:00:00 AM
2022-05-17T05-27-38,66046,CVS Store #16147,NLP,NLP,NLP,26,05/13/2022 12:00:00 AM
2022-05-17T05-27-38,66046,HASKELL HEALTH CENTER USPHS,NLP,NLP,NLP,38,04/20/2022 12:00:00 AM
2022-05-17T05-27-38,66046,DILLON PHARMACY 61500070,NLP,NLP,NLP,8,05/16/2022 12:00:00 AM
2022-05-17T05-27-38,66046,Walmart Pharmacy #484,NLP,NLP,NLP,1,05/03/2022 12:00:00 AM
2022-05-17T05-27-38,66046,CVS Store #00676,NLP,NLP,NLP,51,05/13/2022 12:00:00 AM
2022-05-18T05-40-23,66046,CVS Store #16147,NLP,NLP,NLP,25,05/17/2022 12:00:00 AM
2022-05-18T05-40-23,66046,DILLON PHARMACY 61500070,NLP,NLP,NLP,8,05/17/2022 12:00:00 AM
2022-05-18T05-40-23,66046,HASKELL HEALTH CENTER USPHS,NLP,NLP,NLP,38,04/20/2022 12:00:00 AM
2022-05-18T05-40-23,66046,CVS Store #00676,NLP,NLP,NLP,41,05/17/2022 12:00:00 AM
2022-05-18T05-40-23,66046,Walmart Pharmacy #484,NLP,NLP,NLP,1,05/03/2022 12:00:00 AM
2022-05-19T05-25-31,66046,CVS Store #16147,NLP,NLP,NLP,25,05/18/2022 12:00:00 AM
2022-05-19T05-25-31,66046,DILLON PHARMACY 61500070,NLP,NLP,NLP,8,05/18/2022 12:00:00 AM
2022-05-19T05-25-31,66046,HASKELL HEALTH CENTER USPHS,NLP,NLP,NLP,38,04/20/2022 12:00:00 AM
2022-05-19T05-25-31,66046,Walmart Pharmacy #484,NLP,NLP,NLP,1,05/03/2022 12:00:00 AM
2022-05-19T05-25-31,66046,WALGREENS STORE #03056,NLP,NLP,NLP,19,05/18/2022 12:00:00 AM
2022-05-19T05-25-31,66046,CVS Store #00676,NLP,NLP,NLP,40,05/18/2022 12:00:00 AM
