2022-02-16T18-37-01,74085,Yale Drug,02/08/2022 12:00:00 AM,02/14/2022 12:00:00 AM,20,,
2022-02-18T15-54-16,74085,Yale Drug,02/08/2022 12:00:00 AM,02/14/2022 12:00:00 AM,20,,
2022-02-18T16-04-21,74085,Yale Drug,02/08/2022 12:00:00 AM,02/14/2022 12:00:00 AM,20,,
2022-02-22T09-09-37,74085,Yale Drug,02/08/2022 12:00:00 AM,02/14/2022 12:00:00 AM,20,20,02/21/2022 12:00:00 AM
2022-02-24T09-51-18,74085,Yale Drug,02/08/2022 12:00:00 AM,02/14/2022 12:00:00 AM,20,20,02/21/2022 12:00:00 AM
2022-03-03T09-56-49,74085,Yale Drug,02/08/2022 12:00:00 AM,02/14/2022 12:00:00 AM,20,20,02/28/2022 12:00:00 AM
2022-03-03T10-04-44,74085,Yale Drug,02/08/2022 12:00:00 AM,02/14/2022 12:00:00 AM,20,20,02/28/2022 12:00:00 AM
2022-03-08T14-40-56,74085,Yale Drug,02/08/2022 12:00:00 AM,02/14/2022 12:00:00 AM,20,20,02/28/2022 12:00:00 AM
