2022-01-19T08-05-28,74354,INTEGRIS BAPTIST REGIONAL - MIAMI,01/13/2022 12:00:00 AM,,40,,
2022-01-21T18-08-01,74354,INTEGRIS BAPTIST REGIONAL - MIAMI,01/13/2022 12:00:00 AM,,40,40,01/20/2022 12:00:00 AM
2022-01-24T09-15-30,74354,INTEGRIS BAPTIST REGIONAL - MIAMI,01/13/2022 12:00:00 AM,01/20/2022 12:00:00 AM,40,40,01/20/2022 12:00:00 AM
2022-01-25T09-23-26,74354,INTEGRIS BAPTIST REGIONAL - MIAMI,01/13/2022 12:00:00 AM,01/20/2022 12:00:00 AM,80,37,01/24/2022 12:00:00 AM
2022-01-26T07-35-52,74354,INTEGRIS BAPTIST REGIONAL - MIAMI,01/13/2022 12:00:00 AM,01/20/2022 12:00:00 AM,80,34,01/25/2022 12:00:00 AM
2022-01-27T14-49-32,74354,INTEGRIS BAPTIST REGIONAL - MIAMI,01/13/2022 12:00:00 AM,01/20/2022 12:00:00 AM,80,34,01/25/2022 12:00:00 AM
2022-01-28T09-28-02,74354,INTEGRIS BAPTIST REGIONAL - MIAMI,01/26/2022 12:00:00 AM,01/20/2022 12:00:00 AM,100,34,01/25/2022 12:00:00 AM
2022-01-28T13-55-27,74354,INTEGRIS BAPTIST REGIONAL - MIAMI,01/26/2022 12:00:00 AM,01/20/2022 12:00:00 AM,100,34,01/25/2022 12:00:00 AM
2022-01-28T14-38-48,74354,INTEGRIS BAPTIST REGIONAL - MIAMI,01/26/2022 12:00:00 AM,01/20/2022 12:00:00 AM,100,34,01/25/2022 12:00:00 AM
2022-01-28T15-43-02,74354,INTEGRIS BAPTIST REGIONAL - MIAMI,01/26/2022 12:00:00 AM,01/20/2022 12:00:00 AM,100,34,01/25/2022 12:00:00 AM
2022-01-28T17-11-19,74354,INTEGRIS BAPTIST REGIONAL - MIAMI,01/26/2022 12:00:00 AM,01/20/2022 12:00:00 AM,100,50,01/28/2022 12:00:00 AM
2022-02-01T09-23-15,74354,INTEGRIS BAPTIST REGIONAL - MIAMI,01/26/2022 12:00:00 AM,01/28/2022 12:00:00 AM,100,37,01/29/2022 12:00:00 AM
2022-02-02T09-09-05,74354,INTEGRIS BAPTIST REGIONAL - MIAMI,01/26/2022 12:00:00 AM,01/28/2022 12:00:00 AM,60,36,02/01/2022 12:00:00 AM
2022-02-04T09-14-55,74354,INTEGRIS BAPTIST REGIONAL - MIAMI,01/26/2022 12:00:00 AM,01/28/2022 12:00:00 AM,60,31,02/03/2022 12:00:00 AM
2022-02-07T09-54-34,74354,INTEGRIS BAPTIST REGIONAL - MIAMI,01/26/2022 12:00:00 AM,01/28/2022 12:00:00 AM,60,31,02/03/2022 12:00:00 AM
2022-02-09T09-41-46,74354,INTEGRIS BAPTIST REGIONAL - MIAMI,01/26/2022 12:00:00 AM,01/28/2022 12:00:00 AM,60,31,02/07/2022 12:00:00 AM
2022-02-10T21-04-53,74354,INTEGRIS BAPTIST REGIONAL - MIAMI,01/26/2022 12:00:00 AM,01/28/2022 12:00:00 AM,60,31,02/07/2022 12:00:00 AM
2022-02-14T09-23-55,74354,INTEGRIS BAPTIST REGIONAL - MIAMI,01/26/2022 12:00:00 AM,01/28/2022 12:00:00 AM,60,31,02/07/2022 12:00:00 AM
2022-02-15T10-17-36,74354,INTEGRIS BAPTIST REGIONAL - MIAMI,01/26/2022 12:00:00 AM,01/28/2022 12:00:00 AM,60,31,02/07/2022 12:00:00 AM
2022-02-16T08-11-48,74354,INTEGRIS BAPTIST REGIONAL - MIAMI,01/26/2022 12:00:00 AM,01/28/2022 12:00:00 AM,60,31,02/07/2022 12:00:00 AM
2022-02-16T08-23-53,74354,INTEGRIS BAPTIST REGIONAL - MIAMI,01/26/2022 12:00:00 AM,01/28/2022 12:00:00 AM,60,31,02/07/2022 12:00:00 AM
2022-02-16T18-37-01,74354,INTEGRIS BAPTIST REGIONAL - MIAMI,01/26/2022 12:00:00 AM,01/28/2022 12:00:00 AM,60,31,02/07/2022 12:00:00 AM
2022-02-18T15-54-16,74354,INTEGRIS BAPTIST REGIONAL - MIAMI,01/26/2022 12:00:00 AM,01/28/2022 12:00:00 AM,60,29,02/17/2022 12:00:00 AM
2022-02-18T16-04-21,74354,INTEGRIS BAPTIST REGIONAL - MIAMI,01/26/2022 12:00:00 AM,01/28/2022 12:00:00 AM,60,28,02/18/2022 12:00:00 AM
2022-02-22T09-09-37,74354,INTEGRIS BAPTIST REGIONAL - MIAMI,01/26/2022 12:00:00 AM,01/28/2022 12:00:00 AM,60,29,02/21/2022 12:00:00 AM
2022-02-24T09-51-18,74354,INTEGRIS BAPTIST REGIONAL - MIAMI,01/26/2022 12:00:00 AM,01/28/2022 12:00:00 AM,60,29,02/21/2022 12:00:00 AM
2022-03-03T09-56-49,74354,INTEGRIS BAPTIST REGIONAL - MIAMI,02/22/2022 12:00:00 AM,02/24/2022 12:00:00 AM,80,47,02/28/2022 12:00:00 AM
2022-03-03T09-56-49,74354,NORTHEASTERN TRIBAL HEALTH CENTER,02/28/2022 12:00:00 AM,,20,,
2022-03-03T10-04-44,74354,NORTHEASTERN TRIBAL HEALTH CENTER,02/28/2022 12:00:00 AM,,20,,
2022-03-03T10-04-44,74354,INTEGRIS BAPTIST REGIONAL - MIAMI,02/22/2022 12:00:00 AM,02/24/2022 12:00:00 AM,80,47,02/28/2022 12:00:00 AM
2022-03-08T14-40-56,74354,INTEGRIS BAPTIST REGIONAL - MIAMI,02/22/2022 12:00:00 AM,02/24/2022 12:00:00 AM,80,47,02/28/2022 12:00:00 AM
2022-03-08T14-40-56,74354,NORTHEASTERN TRIBAL HEALTH CENTER,02/28/2022 12:00:00 AM,03/02/2022 12:00:00 AM,20,20,03/08/2022 12:00:00 AM
