2022-02-16T18-37-01,81301,MERCY REGIONAL MEDICAL CENTER,02/11/2022 12:00:00 AM,,40,,
2022-02-18T15-54-16,81301,SAV-ON PHARMACY,02/16/2022 12:00:00 AM,,40,,
2022-02-18T15-54-16,81301,MERCY REGIONAL MEDICAL CENTER,02/11/2022 12:00:00 AM,,40,,
2022-02-18T16-04-21,81301,SAV-ON PHARMACY,02/16/2022 12:00:00 AM,,40,,
2022-02-18T16-04-21,81301,MERCY REGIONAL MEDICAL CENTER,02/11/2022 12:00:00 AM,02/17/2022 12:00:00 AM,40,,
2022-02-22T09-09-37,81301,MERCY REGIONAL MEDICAL CENTER,02/11/2022 12:00:00 AM,02/17/2022 12:00:00 AM,40,,
2022-02-22T09-09-37,81301,SAV-ON PHARMACY,02/16/2022 12:00:00 AM,02/18/2022 12:00:00 AM,40,40,02/20/2022 12:00:00 AM
2022-02-24T09-51-18,81301,MERCY REGIONAL MEDICAL CENTER,02/11/2022 12:00:00 AM,02/17/2022 12:00:00 AM,40,,
2022-02-24T09-51-18,81301,SAV-ON PHARMACY,02/16/2022 12:00:00 AM,02/18/2022 12:00:00 AM,40,40,02/22/2022 12:00:00 AM
2022-03-03T09-56-49,81301,SAV-ON PHARMACY,02/16/2022 12:00:00 AM,02/18/2022 12:00:00 AM,40,38,02/28/2022 12:00:00 AM
2022-03-03T09-56-49,81301,MERCY REGIONAL MEDICAL CENTER,02/11/2022 12:00:00 AM,02/17/2022 12:00:00 AM,40,,
2022-03-03T10-04-44,81301,SAV-ON PHARMACY,02/16/2022 12:00:00 AM,02/18/2022 12:00:00 AM,40,38,03/02/2022 12:00:00 AM
2022-03-03T10-04-44,81301,MERCY REGIONAL MEDICAL CENTER,02/11/2022 12:00:00 AM,02/17/2022 12:00:00 AM,40,,
2022-03-08T14-40-56,81301,SAV-ON PHARMACY,02/16/2022 12:00:00 AM,02/18/2022 12:00:00 AM,40,38,03/07/2022 12:00:00 AM
2022-03-08T14-40-56,81301,MERCY REGIONAL MEDICAL CENTER,02/11/2022 12:00:00 AM,02/17/2022 12:00:00 AM,40,,
