2022-02-14T09-23-55,81506,HopeWest PACE,02/04/2022 12:00:00 AM,02/10/2022 12:00:00 AM,20,20,02/10/2022 12:00:00 AM
2022-02-15T10-17-36,81506,HopeWest PACE,02/04/2022 12:00:00 AM,02/10/2022 12:00:00 AM,20,20,02/10/2022 12:00:00 AM
2022-02-16T08-11-48,81506,HopeWest PACE,02/04/2022 12:00:00 AM,02/10/2022 12:00:00 AM,20,20,02/10/2022 12:00:00 AM
2022-02-16T08-23-53,81506,HopeWest PACE,02/04/2022 12:00:00 AM,02/10/2022 12:00:00 AM,20,20,02/10/2022 12:00:00 AM
2022-02-16T18-37-01,81506,HopeWest PACE,02/04/2022 12:00:00 AM,02/10/2022 12:00:00 AM,20,,02/15/2022 12:00:00 AM
2022-02-18T15-54-16,81506,HopeWest PACE,02/04/2022 12:00:00 AM,02/10/2022 12:00:00 AM,20,,02/15/2022 12:00:00 AM
2022-02-18T16-04-21,81506,HopeWest PACE,02/04/2022 12:00:00 AM,02/10/2022 12:00:00 AM,20,,02/15/2022 12:00:00 AM
2022-02-22T09-09-37,81506,HopeWest PACE,02/04/2022 12:00:00 AM,02/10/2022 12:00:00 AM,20,,02/15/2022 12:00:00 AM
2022-02-24T09-51-18,81506,HopeWest PACE,02/04/2022 12:00:00 AM,02/10/2022 12:00:00 AM,20,,02/15/2022 12:00:00 AM
2022-03-03T09-56-49,81506,HopeWest PACE,02/04/2022 12:00:00 AM,02/10/2022 12:00:00 AM,20,20,02/23/2022 12:00:00 AM
2022-03-03T10-04-44,81506,HopeWest PACE,02/04/2022 12:00:00 AM,02/10/2022 12:00:00 AM,20,20,03/02/2022 12:00:00 AM
2022-03-08T14-40-56,81506,HopeWest PACE,02/04/2022 12:00:00 AM,02/10/2022 12:00:00 AM,20,20,03/02/2022 12:00:00 AM
