2022-01-13T10-07-11,89434,NORTHERN NEVADA MEDICAL CENTER,01/11/2022 12:00:00 AM,,20,,
2022-01-14T15-37-26,89434,NORTHERN NEVADA MEDICAL CENTER,01/11/2022 12:00:00 AM,,20,,
2022-01-19T08-05-28,89434,NORTHERN NEVADA MEDICAL CENTER,01/11/2022 12:00:00 AM,01/14/2022 12:00:00 AM,20,13,01/18/2022 12:00:00 AM
2022-01-21T18-08-01,89434,NORTHERN NEVADA MEDICAL CENTER,01/11/2022 12:00:00 AM,01/14/2022 12:00:00 AM,20,13,01/19/2022 12:00:00 AM
2022-01-24T09-15-30,89434,NORTHERN NEVADA MEDICAL CENTER,01/11/2022 12:00:00 AM,01/14/2022 12:00:00 AM,20,13,01/20/2022 12:00:00 AM
2022-01-25T09-23-26,89434,NORTHERN NEVADA MEDICAL CENTER,01/11/2022 12:00:00 AM,01/14/2022 12:00:00 AM,40,11,01/24/2022 12:00:00 AM
2022-01-26T07-35-52,89434,NORTHERN NEVADA MEDICAL CENTER,01/11/2022 12:00:00 AM,01/14/2022 12:00:00 AM,40,11,01/25/2022 12:00:00 AM
2022-01-27T14-49-32,89434,NORTHERN NEVADA MEDICAL CENTER,01/11/2022 12:00:00 AM,01/14/2022 12:00:00 AM,40,11,01/26/2022 12:00:00 AM
2022-01-28T09-28-02,89434,NORTHERN NEVADA MEDICAL CENTER,01/26/2022 12:00:00 AM,01/14/2022 12:00:00 AM,60,10,01/27/2022 12:00:00 AM
2022-01-28T13-55-27,89434,NORTHERN NEVADA MEDICAL CENTER,01/26/2022 12:00:00 AM,01/14/2022 12:00:00 AM,60,10,01/27/2022 12:00:00 AM
2022-01-28T14-38-48,89434,NORTHERN NEVADA MEDICAL CENTER,01/26/2022 12:00:00 AM,01/14/2022 12:00:00 AM,60,10,01/27/2022 12:00:00 AM
2022-01-28T15-43-02,89434,NORTHERN NEVADA MEDICAL CENTER,01/26/2022 12:00:00 AM,01/14/2022 12:00:00 AM,60,10,01/27/2022 12:00:00 AM
2022-01-28T17-11-19,89434,NORTHERN NEVADA MEDICAL CENTER,01/26/2022 12:00:00 AM,01/14/2022 12:00:00 AM,60,10,01/28/2022 12:00:00 AM
2022-02-01T09-23-15,89434,NORTHERN NEVADA MEDICAL CENTER,01/26/2022 12:00:00 AM,01/28/2022 12:00:00 AM,60,29,01/31/2022 12:00:00 AM
2022-02-02T09-09-05,89434,NORTHERN NEVADA MEDICAL CENTER,01/26/2022 12:00:00 AM,01/28/2022 12:00:00 AM,40,29,02/01/2022 12:00:00 AM
2022-02-04T09-14-55,89434,NORTHERN NEVADA MEDICAL CENTER,01/26/2022 12:00:00 AM,01/28/2022 12:00:00 AM,40,28,02/03/2022 12:00:00 AM
2022-02-07T09-54-34,89434,NORTHERN NEVADA MEDICAL CENTER,01/26/2022 12:00:00 AM,01/28/2022 12:00:00 AM,40,28,02/04/2022 12:00:00 AM
2022-02-09T09-41-46,89434,NORTHERN NEVADA MEDICAL CENTER,01/26/2022 12:00:00 AM,01/28/2022 12:00:00 AM,40,28,02/08/2022 12:00:00 AM
2022-02-10T21-04-53,89434,NORTHERN NEVADA MEDICAL CENTER,02/08/2022 12:00:00 AM,01/28/2022 12:00:00 AM,60,28,02/10/2022 12:00:00 AM
2022-02-14T09-23-55,89434,NORTHERN NEVADA MEDICAL CENTER,02/08/2022 12:00:00 AM,02/10/2022 12:00:00 AM,60,48,02/11/2022 12:00:00 AM
2022-02-15T10-17-36,89434,NORTHERN NEVADA MEDICAL CENTER,02/08/2022 12:00:00 AM,02/10/2022 12:00:00 AM,60,48,02/11/2022 12:00:00 AM
2022-02-16T08-11-48,89434,NORTHERN NEVADA MEDICAL CENTER,02/08/2022 12:00:00 AM,02/10/2022 12:00:00 AM,60,48,02/14/2022 12:00:00 AM
2022-02-16T08-23-53,89434,NORTHERN NEVADA MEDICAL CENTER,02/08/2022 12:00:00 AM,02/10/2022 12:00:00 AM,60,47,02/15/2022 12:00:00 AM
2022-02-16T18-37-01,89434,NORTHERN NEVADA MEDICAL CENTER,02/08/2022 12:00:00 AM,02/10/2022 12:00:00 AM,60,46,02/16/2022 12:00:00 AM
2022-02-18T15-54-16,89434,NORTHERN NEVADA MEDICAL CENTER,02/08/2022 12:00:00 AM,02/10/2022 12:00:00 AM,60,46,02/17/2022 12:00:00 AM
2022-02-18T16-04-21,89434,NORTHERN NEVADA MEDICAL CENTER,02/08/2022 12:00:00 AM,02/10/2022 12:00:00 AM,60,46,02/18/2022 12:00:00 AM
2022-02-22T09-09-37,89434,NORTHERN NEVADA MEDICAL CENTER,02/08/2022 12:00:00 AM,02/10/2022 12:00:00 AM,60,45,02/21/2022 12:00:00 AM
2022-02-24T09-51-18,89434,NORTHERN NEVADA MEDICAL CENTER,02/08/2022 12:00:00 AM,02/10/2022 12:00:00 AM,60,46,02/22/2022 12:00:00 AM
2022-03-03T09-56-49,89434,NORTHERN NEVADA MEDICAL CENTER,02/08/2022 12:00:00 AM,02/10/2022 12:00:00 AM,60,44,03/01/2022 12:00:00 AM
2022-03-03T10-04-44,89434,NORTHERN NEVADA MEDICAL CENTER,02/08/2022 12:00:00 AM,02/10/2022 12:00:00 AM,60,44,03/02/2022 12:00:00 AM
2022-03-08T14-40-56,89434,NORTHERN NEVADA MEDICAL CENTER,02/08/2022 12:00:00 AM,02/10/2022 12:00:00 AM,60,43,03/08/2022 12:00:00 AM
