2022-01-04T16-56-44,95945,SIERRA NEVADA MEMORIAL HOSPITAL,01/02/2022 12:00:00 AM,,20,,
2022-01-04T18-34-57,95945,SIERRA NEVADA MEMORIAL HOSPITAL,01/02/2022 12:00:00 AM,,20,,
2022-01-05T18-07-41,95945,SIERRA NEVADA MEMORIAL HOSPITAL,01/02/2022 12:00:00 AM,,20,,
2022-01-07T08-09-36,95945,SIERRA NEVADA MEMORIAL HOSPITAL,01/02/2022 12:00:00 AM,,20,,
2022-01-10T10-10-35,95945,SIERRA NEVADA MEMORIAL HOSPITAL,01/02/2022 12:00:00 AM,01/06/2022 12:00:00 AM,20,,
2022-01-11T08-35-31,95945,SIERRA NEVADA MEMORIAL HOSPITAL,01/02/2022 12:00:00 AM,01/06/2022 12:00:00 AM,20,,
2022-01-12T08-07-48,95945,SIERRA NEVADA MEMORIAL HOSPITAL,01/02/2022 12:00:00 AM,01/06/2022 12:00:00 AM,20,,
2022-01-13T10-07-11,95945,SIERRA NEVADA MEMORIAL HOSPITAL,01/02/2022 12:00:00 AM,01/06/2022 12:00:00 AM,20,,
2022-01-14T15-37-26,95945,SIERRA NEVADA MEMORIAL HOSPITAL,01/02/2022 12:00:00 AM,01/06/2022 12:00:00 AM,20,,
2022-01-19T08-05-28,95945,SIERRA NEVADA MEMORIAL HOSPITAL,01/02/2022 12:00:00 AM,01/06/2022 12:00:00 AM,20,,
2022-01-21T18-08-01,95945,SIERRA NEVADA MEMORIAL HOSPITAL,01/02/2022 12:00:00 AM,01/06/2022 12:00:00 AM,20,,
2022-01-24T09-15-30,95945,SIERRA NEVADA MEMORIAL HOSPITAL,01/02/2022 12:00:00 AM,01/06/2022 12:00:00 AM,20,,
2022-01-25T09-23-26,95945,SIERRA NEVADA MEMORIAL HOSPITAL,01/02/2022 12:00:00 AM,01/06/2022 12:00:00 AM,20,,
2022-01-26T07-35-52,95945,SIERRA NEVADA MEMORIAL HOSPITAL,01/02/2022 12:00:00 AM,01/06/2022 12:00:00 AM,20,,
2022-01-27T14-49-32,95945,SIERRA NEVADA MEMORIAL HOSPITAL,01/02/2022 12:00:00 AM,01/06/2022 12:00:00 AM,20,,
2022-01-28T09-28-02,95945,SIERRA NEVADA MEMORIAL HOSPITAL,01/02/2022 12:00:00 AM,01/06/2022 12:00:00 AM,20,,
2022-01-28T13-55-27,95945,SIERRA NEVADA MEMORIAL HOSPITAL,01/02/2022 12:00:00 AM,01/06/2022 12:00:00 AM,20,,
2022-01-28T14-38-48,95945,SIERRA NEVADA MEMORIAL HOSPITAL,01/02/2022 12:00:00 AM,01/06/2022 12:00:00 AM,20,,
2022-01-28T15-43-02,95945,SIERRA NEVADA MEMORIAL HOSPITAL,01/02/2022 12:00:00 AM,01/06/2022 12:00:00 AM,20,,
2022-01-28T17-11-19,95945,SIERRA NEVADA MEMORIAL HOSPITAL,01/02/2022 12:00:00 AM,01/06/2022 12:00:00 AM,20,,
2022-02-01T09-23-15,95945,SIERRA NEVADA MEMORIAL HOSPITAL,01/02/2022 12:00:00 AM,01/06/2022 12:00:00 AM,20,,
2022-02-02T09-09-05,95945,SIERRA NEVADA MEMORIAL HOSPITAL,01/02/2022 12:00:00 AM,01/06/2022 12:00:00 AM,20,,
2022-02-04T09-14-55,95945,SIERRA NEVADA MEMORIAL HOSPITAL,01/02/2022 12:00:00 AM,01/06/2022 12:00:00 AM,20,,
2022-02-07T09-54-34,95945,SIERRA NEVADA MEMORIAL HOSPITAL,01/02/2022 12:00:00 AM,01/06/2022 12:00:00 AM,20,,
2022-02-07T09-54-34,95945,WESTERN SIERRA MED CLINIC,02/01/2022 12:00:00 AM,,20,20,02/04/2022 12:00:00 AM
2022-02-09T09-41-46,95945,SIERRA NEVADA MEMORIAL HOSPITAL,01/02/2022 12:00:00 AM,01/06/2022 12:00:00 AM,20,,
2022-02-09T09-41-46,95945,WESTERN SIERRA MED CLINIC,02/01/2022 12:00:00 AM,02/03/2022 12:00:00 AM,20,20,02/04/2022 12:00:00 AM
2022-02-10T21-04-53,95945,WESTERN SIERRA MED CLINIC,02/01/2022 12:00:00 AM,02/03/2022 12:00:00 AM,20,20,02/04/2022 12:00:00 AM
2022-02-14T09-23-55,95945,WESTERN SIERRA MED CLINIC,02/01/2022 12:00:00 AM,02/03/2022 12:00:00 AM,20,20,02/04/2022 12:00:00 AM
2022-02-15T10-17-36,95945,WESTERN SIERRA MED CLINIC,02/01/2022 12:00:00 AM,02/03/2022 12:00:00 AM,20,20,02/04/2022 12:00:00 AM
2022-02-16T08-11-48,95945,WESTERN SIERRA MED CLINIC,02/01/2022 12:00:00 AM,02/03/2022 12:00:00 AM,20,20,02/04/2022 12:00:00 AM
2022-02-16T08-23-53,95945,WESTERN SIERRA MED CLINIC,02/01/2022 12:00:00 AM,02/03/2022 12:00:00 AM,20,20,02/14/2022 12:00:00 AM
2022-02-16T18-37-01,95945,CHAPA DE INDIAN HEALTH PROGRAM INC,02/11/2022 12:00:00 AM,02/15/2022 12:00:00 AM,20,,
2022-02-16T18-37-01,95945,SIERRA NEVADA MEMORIAL HOSPITAL,01/02/2022 12:00:00 AM,01/06/2022 12:00:00 AM,20,,
2022-02-16T18-37-01,95945,WESTERN SIERRA MED CLINIC,02/01/2022 12:00:00 AM,02/03/2022 12:00:00 AM,20,20,02/14/2022 12:00:00 AM
2022-02-18T15-54-16,95945,CHAPA DE INDIAN HEALTH PROGRAM INC,02/11/2022 12:00:00 AM,02/15/2022 12:00:00 AM,20,,
2022-02-18T15-54-16,95945,SIERRA NEVADA MEMORIAL HOSPITAL,01/02/2022 12:00:00 AM,01/06/2022 12:00:00 AM,20,,
2022-02-18T15-54-16,95945,WESTERN SIERRA MED CLINIC,02/01/2022 12:00:00 AM,02/03/2022 12:00:00 AM,20,19,02/16/2022 12:00:00 AM
2022-02-18T16-04-21,95945,CHAPA DE INDIAN HEALTH PROGRAM INC,02/11/2022 12:00:00 AM,02/15/2022 12:00:00 AM,20,,
2022-02-18T16-04-21,95945,SIERRA NEVADA MEMORIAL HOSPITAL,01/02/2022 12:00:00 AM,01/06/2022 12:00:00 AM,20,,
2022-02-18T16-04-21,95945,WESTERN SIERRA MED CLINIC,02/01/2022 12:00:00 AM,02/03/2022 12:00:00 AM,20,19,02/16/2022 12:00:00 AM
2022-02-22T09-09-37,95945,WESTERN SIERRA MED CLINIC,02/01/2022 12:00:00 AM,02/03/2022 12:00:00 AM,20,19,02/16/2022 12:00:00 AM
2022-02-22T09-09-37,95945,SIERRA NEVADA MEMORIAL HOSPITAL,01/02/2022 12:00:00 AM,01/06/2022 12:00:00 AM,20,,
2022-02-22T09-09-37,95945,CHAPA DE INDIAN HEALTH PROGRAM INC,02/11/2022 12:00:00 AM,02/15/2022 12:00:00 AM,20,,
2022-02-24T09-51-18,95945,WESTERN SIERRA MED CLINIC,02/01/2022 12:00:00 AM,02/03/2022 12:00:00 AM,20,19,02/16/2022 12:00:00 AM
2022-02-24T09-51-18,95945,CHAPA DE INDIAN HEALTH PROGRAM INC,02/11/2022 12:00:00 AM,02/15/2022 12:00:00 AM,20,,
2022-02-24T09-51-18,95945,SIERRA NEVADA MEMORIAL HOSPITAL,01/02/2022 12:00:00 AM,01/06/2022 12:00:00 AM,20,,
2022-03-03T09-56-49,95945,SIERRA NEVADA MEMORIAL HOSPITAL,01/02/2022 12:00:00 AM,01/06/2022 12:00:00 AM,20,,
2022-03-03T09-56-49,95945,WESTERN SIERRA MED CLINIC,02/01/2022 12:00:00 AM,02/03/2022 12:00:00 AM,20,19,02/16/2022 12:00:00 AM
2022-03-03T09-56-49,95945,CHAPA DE INDIAN HEALTH PROGRAM INC,02/25/2022 12:00:00 AM,02/15/2022 12:00:00 AM,40,,
2022-03-03T10-04-44,95945,WESTERN SIERRA MED CLINIC,02/01/2022 12:00:00 AM,02/03/2022 12:00:00 AM,20,19,02/16/2022 12:00:00 AM
2022-03-03T10-04-44,95945,SIERRA NEVADA MEMORIAL HOSPITAL,01/02/2022 12:00:00 AM,01/06/2022 12:00:00 AM,20,,
2022-03-03T10-04-44,95945,CHAPA DE INDIAN HEALTH PROGRAM INC,02/25/2022 12:00:00 AM,03/01/2022 12:00:00 AM,40,,
2022-03-08T14-40-56,95945,SIERRA NEVADA MEMORIAL HOSPITAL,01/02/2022 12:00:00 AM,01/06/2022 12:00:00 AM,20,,
2022-03-08T14-40-56,95945,WESTERN SIERRA MED CLINIC,02/01/2022 12:00:00 AM,02/03/2022 12:00:00 AM,20,19,02/16/2022 12:00:00 AM
2022-03-08T14-40-56,95945,CHAPA DE INDIAN HEALTH PROGRAM INC,02/25/2022 12:00:00 AM,03/01/2022 12:00:00 AM,40,,
