2022-02-18T16-04-21,54701,SACRED HEART HOSPITAL,02/16/2022 12:00:00 AM,,10,,
2022-03-03T09-56-49,54701,SACRED HEART HOSPITAL,02/16/2022 12:00:00 AM,,10,10,02/25/2022 12:00:00 AM
2022-03-03T09-56-49,54701,MMC - EAU CLAIRE HOSPITAL,02/21/2022 12:00:00 AM,,30,,
2022-03-03T10-04-44,54701,MMC - EAU CLAIRE HOSPITAL,02/21/2022 12:00:00 AM,02/23/2022 12:00:00 AM,30,,
2022-03-03T10-04-44,54701,SACRED HEART HOSPITAL,02/16/2022 12:00:00 AM,02/18/2022 12:00:00 AM,10,10,02/25/2022 12:00:00 AM
2022-03-08T14-40-56,54701,MMC - EAU CLAIRE HOSPITAL,02/21/2022 12:00:00 AM,02/23/2022 12:00:00 AM,30,,
2022-03-08T14-40-56,54701,SACRED HEART HOSPITAL,02/16/2022 12:00:00 AM,02/18/2022 12:00:00 AM,10,10,03/04/2022 12:00:00 AM
