2022-02-18T16-04-21,70503,OCHSNER LAFAYETTE GENERAL MEDICAL C,02/14/2022 12:00:00 AM,,25,25,02/16/2022 12:00:00 AM
2022-03-03T09-56-49,70503,OCHSNER LAFAYETTE GENERAL MEDICAL C,02/28/2022 12:00:00 AM,,90,54,02/24/2022 12:00:00 AM
2022-03-03T10-04-44,70503,OCHSNER LAFAYETTE GENERAL MEDICAL C,02/28/2022 12:00:00 AM,02/23/2022 12:00:00 AM,90,54,02/24/2022 12:00:00 AM
2022-03-08T14-40-56,70503,OCHSNER LAFAYETTE GENERAL MEDICAL C,02/28/2022 12:00:00 AM,03/02/2022 12:00:00 AM,90,89,03/08/2022 12:00:00 AM
